Skin_Color_Hex,Matching_Colors,
#c89c85,"Blue,Brown,Red,Green,Orange",Olive
#a57056,"Blue,Brown,Red,Green,Orange",Light Brown
#be9476,"Blue,Brown,Red,Green,Orange",Light Brown
#875d49,"Red,Orange,Purple,Green,Blue",Brown
#74543f,"Red,Orange,Purple,Green,Blue",Brown
#725f5a,"Red,Orange,Purple,Green,Blue",Brown
#d5b4a0,"Blue,Brown,Red,Green,Orange",Olive
#b69886,"Blue,Brown,Red,Green,Orange",Light Brown
#956857,"Red,Orange,Purple,Green,Blue",Light Brown
#a76d4c,"Blue,Brown,Red,Green,Orange",Light Brown
#7c6451,"Red,Orange,Purple,Green,Blue",Brown
#5f3625,"Red,Orange,Purple,Green,Blue",Black Brown
#ac755b,"Blue,Brown,Red,Green,Orange",Light Brown
#ba8e7b,"Blue,Brown,Red,Green,Orange",Light Brown
#b78c79,"Blue,Brown,Red,Green,Orange",Light Brown
#5f4336,"Red,Orange,Purple,Green,Blue",Black Brown
#b8806e,"Blue,Brown,Red,Green,Orange",Light Brown
#9a725a,"Blue,Brown,Red,Green,Orange",Light Brown
#c49781,"Blue,Brown,Red,Green,Orange",Light Brown
#9a7568,"Blue,Brown,Red,Green,Orange",Light Brown
#92634b,"Red,Orange,Purple,Green,Blue",Brown
#b88665,"Blue,Brown,Red,Green,Orange",Light Brown
#8f7367,"Blue,Brown,Red,Green,Orange",Brown
#976e55,"Red,Orange,Purple,Green,Blue",Light Brown
#8a6555,"Red,Orange,Purple,Green,Blue",Brown
#a2715f,"Blue,Brown,Red,Green,Orange",Light Brown
#aa775a,"Blue,Brown,Red,Green,Orange",Light Brown
#a58d84,"Blue,Brown,Red,Green,Orange",Light Brown
#9d6e56,"Blue,Brown,Red,Green,Orange",Light Brown
#aa8a78,"Blue,Brown,Red,Green,Orange",Light Brown
#184260,"Red,Orange,Purple,Green,Blue",Black Brown
#513e39,"Red,Orange,Purple,Green,Blue",Black Brown
#775a52,"Red,Orange,Purple,Green,Blue",Brown
#896757,"Red,Orange,Purple,Green,Blue",Brown
#cca590,"Blue,Brown,Red,Green,Orange",Olive
#a68978,"Blue,Brown,Red,Green,Orange",Light Brown
#95776a,"Blue,Brown,Red,Green,Orange",Light Brown
#94735f,"Blue,Brown,Red,Green,Orange",Light Brown
#a78069,"Blue,Brown,Red,Green,Orange",Light Brown
#826056,"Red,Orange,Purple,Green,Blue",Brown
#bc9894,"Blue,Brown,Red,Green,Orange",Light Brown
#844a2f,"Red,Orange,Purple,Green,Blue",Brown
#ac857a,"Blue,Brown,Red,Green,Orange",Light Brown
#8c5a40,"Red,Orange,Purple,Green,Blue",Brown
#aa7c6b,"Blue,Brown,Red,Green,Orange",Light Brown
#895e44,"Red,Orange,Purple,Green,Blue",Brown
#765345,"Red,Orange,Purple,Green,Blue",Brown
#9d6a53,"Red,Orange,Purple,Green,Blue",Light Brown
#a68070,"Blue,Brown,Red,Green,Orange",Light Brown
#a0767b,"Blue,Brown,Red,Green,Orange",Light Brown
#bb9882,"Blue,Brown,Red,Green,Orange",Light Brown
#b0826f,"Blue,Brown,Red,Green,Orange",Light Brown
#b29285,"Blue,Brown,Red,Green,Orange",Light Brown
#e1b092,"Blue,Brown,Red,Green,Orange",Olive
#cca090,"Blue,Brown,Red,Green,Orange",Olive
#b98275,"Blue,Brown,Red,Green,Orange",Light Brown
#755642,"Red,Orange,Purple,Green,Blue",Brown
#856b59,"Red,Orange,Purple,Green,Blue",Brown
#6f4d50,"Red,Orange,Purple,Green,Blue",Brown
#835b44,"Red,Orange,Purple,Green,Blue",Brown
#b07965,"Blue,Brown,Red,Green,Orange",Light Brown
#94735d,"Blue,Brown,Red,Green,Orange",Light Brown
#b5745c,"Blue,Brown,Red,Green,Orange",Light Brown
#6e5444,"Red,Orange,Purple,Green,Blue",Brown
#8c6860,"Red,Orange,Purple,Green,Blue",Brown
#77564a,"Red,Orange,Purple,Green,Blue",Brown
#8f6049,"Red,Orange,Purple,Green,Blue",Brown
#897360,"Blue,Brown,Red,Green,Orange",Brown
#a9725a,"Blue,Brown,Red,Green,Orange",Light Brown
#7c4d3f,"Red,Orange,Purple,Green,Blue",Brown
#9e7058,"Blue,Brown,Red,Green,Orange",Light Brown
#bd9989,"Blue,Brown,Red,Green,Orange",Light Brown
#95725b,"Blue,Brown,Red,Green,Orange",Light Brown
#b38b70,"Blue,Brown,Red,Green,Orange",Light Brown
#845c3d,"Red,Orange,Purple,Green,Blue",Brown
#9e735d,"Blue,Brown,Red,Green,Orange",Light Brown
#6c4636,"Red,Orange,Purple,Green,Blue",Brown
#645244,"Red,Orange,Purple,Green,Blue",Brown
#96796b,"Blue,Brown,Red,Green,Orange",Light Brown
#ab7461,"Blue,Brown,Red,Green,Orange",Light Brown
#806764,"Red,Orange,Purple,Green,Blue",Brown
#9d5c3c,"Red,Orange,Purple,Green,Blue",Light Brown
#b6836a,"Blue,Brown,Red,Green,Orange",Light Brown
#bea497,"Blue,Brown,Red,Green,Orange",Light Brown
#b4917f,"Blue,Brown,Red,Green,Orange",Light Brown
#9c857d,"Blue,Brown,Red,Green,Orange",Light Brown
#d2ab9b,"Blue,Brown,Red,Green,Orange",Olive
#ccbaaa,"Blue,Brown,Red,Green,Orange",Olive
#b28a81,"Blue,Brown,Red,Green,Orange",Light Brown
#826248,"Red,Orange,Purple,Green,Blue",Brown
#5a4537,"Red,Orange,Purple,Green,Blue",Black Brown
#7e574d,"Red,Orange,Purple,Green,Blue",Brown
#a16e55,"Blue,Brown,Red,Green,Orange",Light Brown
#ba8e78,"Blue,Brown,Red,Green,Orange",Light Brown
#716059,"Red,Orange,Purple,Green,Blue",Brown
#572c12,"Red,Orange,Purple,Green,Blue",Black Brown
#3e2613,"Red,Orange,Purple,Green,Blue",Black Brown
#bfa291,"Blue,Brown,Red,Green,Orange",Light Brown
#9e8d8b,"Blue,Brown,Red,Green,Orange",Light Brown
#a06746,"Red,Orange,Purple,Green,Blue",Light Brown
#8d6754,"Red,Orange,Purple,Green,Blue",Brown
#8f7466,"Blue,Brown,Red,Green,Orange",Brown
#876b5b,"Red,Orange,Purple,Green,Blue",Brown
#be9080,"Blue,Brown,Red,Green,Orange",Light Brown
#8a6252,"Red,Orange,Purple,Green,Blue",Brown
#a07f71,"Blue,Brown,Red,Green,Orange",Light Brown
#79635c,"Red,Orange,Purple,Green,Blue",Brown
#9a6749,"Red,Orange,Purple,Green,Blue",Light Brown
#ae775b,"Blue,Brown,Red,Green,Orange",Light Brown
#7d5046,"Red,Orange,Purple,Green,Blue",Brown
#bf9377,"Blue,Brown,Red,Green,Orange",Light Brown
#c09274,"Blue,Brown,Red,Green,Orange",Light Brown
#987063,"Blue,Brown,Red,Green,Orange",Light Brown
#bf866e,"Blue,Brown,Red,Green,Orange",Light Brown
#bb9480,"Blue,Brown,Red,Green,Orange",Light Brown
#494f48,"Red,Orange,Purple,Green,Blue",Black Brown
#ab7c63,"Blue,Brown,Red,Green,Orange",Light Brown
#966647,"Red,Orange,Purple,Green,Blue",Light Brown
#7c583f,"Red,Orange,Purple,Green,Blue",Brown
#c8a18d,"Blue,Brown,Red,Green,Orange",Olive
#a28171,"Blue,Brown,Red,Green,Orange",Light Brown
#744e43,"Red,Orange,Purple,Green,Blue",Brown
#bf8d7e,"Blue,Brown,Red,Green,Orange",Light Brown
#755d52,"Red,Orange,Purple,Green,Blue",Brown
#574c4b,"Red,Orange,Purple,Green,Blue",Black Brown
#91735f,"Blue,Brown,Red,Green,Orange",Brown
#7a5747,"Red,Orange,Purple,Green,Blue",Brown
#9c6e4d,"Blue,Brown,Red,Green,Orange",Light Brown
#8a5c44,"Red,Orange,Purple,Green,Blue",Brown
#8f7160,"Blue,Brown,Red,Green,Orange",Brown
#977f77,"Blue,Brown,Red,Green,Orange",Light Brown
#a27556,"Blue,Brown,Red,Green,Orange",Light Brown
#9a7868,"Blue,Brown,Red,Green,Orange",Light Brown
#af8570,"Blue,Brown,Red,Green,Orange",Light Brown
#7f6456,"Red,Orange,Purple,Green,Blue",Brown
#ab7b66,"Blue,Brown,Red,Green,Orange",Light Brown
#c18d79,"Blue,Brown,Red,Green,Orange",Light Brown
#bf9173,"Blue,Brown,Red,Green,Orange",Light Brown
#654437,"Red,Orange,Purple,Green,Blue",Brown
#e2a48d,"Blue,Brown,Red,Green,Orange",Olive
#c7a695,"Blue,Brown,Red,Green,Orange",Light Brown
#7c5b4d,"Red,Orange,Purple,Green,Blue",Brown
#7b5747,"Red,Orange,Purple,Green,Blue",Brown
#a8735d,"Blue,Brown,Red,Green,Orange",Light Brown
#948074,"Blue,Brown,Red,Green,Orange",Light Brown
#af856d,"Blue,Brown,Red,Green,Orange",Light Brown
#b4866c,"Blue,Brown,Red,Green,Orange",Light Brown
#a88783,"Blue,Brown,Red,Green,Orange",Light Brown
#413235,"Red,Orange,Purple,Green,Blue",Black Brown
#c0967a,"Blue,Brown,Red,Green,Orange",Light Brown
#b9765e,"Blue,Brown,Red,Green,Orange",Light Brown
#59321f,"Red,Orange,Purple,Green,Blue",Black Brown
#7e564c,"Red,Orange,Purple,Green,Blue",Brown
#80655d,"Red,Orange,Purple,Green,Blue",Brown
#838382,"Blue,Brown,Red,Green,Orange",Brown
#a88b73,"Blue,Brown,Red,Green,Orange",Light Brown
#bd9b85,"Blue,Brown,Red,Green,Orange",Light Brown
#a7938a,"Blue,Brown,Red,Green,Orange",Light Brown
#795646,"Red,Orange,Purple,Green,Blue",Brown
#6c4238,"Red,Orange,Purple,Green,Blue",Brown
#b28166,"Blue,Brown,Red,Green,Orange",Light Brown
#ababab,"Blue,Brown,Red,Green,Orange",Light Brown
#c1a79c,"Blue,Brown,Red,Green,Orange",Light Brown
#815844,"Red,Orange,Purple,Green,Blue",Brown
#99735f,"Blue,Brown,Red,Green,Orange",Light Brown
#a37c64,"Blue,Brown,Red,Green,Orange",Light Brown
#dea989,"Blue,Brown,Red,Green,Orange",Olive
#896355,"Red,Orange,Purple,Green,Blue",Brown
#978277,"Blue,Brown,Red,Green,Orange",Light Brown
#5b4734,"Red,Orange,Purple,Green,Blue",Black Brown
#664a3c,"Red,Orange,Purple,Green,Blue",Brown
#ac8873,"Blue,Brown,Red,Green,Orange",Light Brown
#c09076,"Blue,Brown,Red,Green,Orange",Light Brown
#9a6e58,"Blue,Brown,Red,Green,Orange",Light Brown
#9a654f,"Red,Orange,Purple,Green,Blue",Light Brown
#735c52,"Red,Orange,Purple,Green,Blue",Brown
#9f8875,"Blue,Brown,Red,Green,Orange",Light Brown
#8a6554,"Red,Orange,Purple,Green,Blue",Brown
#c29785,"Blue,Brown,Red,Green,Orange",Light Brown
#9e6a55,"Red,Orange,Purple,Green,Blue",Light Brown
#c29880,"Blue,Brown,Red,Green,Orange",Light Brown
#a6714f,"Blue,Brown,Red,Green,Orange",Light Brown
#735748,"Red,Orange,Purple,Green,Blue",Brown
#9b7566,"Blue,Brown,Red,Green,Orange",Light Brown
#774b30,"Red,Orange,Purple,Green,Blue",Brown
#c99372,"Blue,Brown,Red,Green,Orange",Olive
#c3947b,"Blue,Brown,Red,Green,Orange",Light Brown
#80462d,"Red,Orange,Purple,Green,Blue",Brown
#4a271a,"Red,Orange,Purple,Green,Blue",Black Brown
#855842,"Red,Orange,Purple,Green,Blue",Brown
#cbab95,"Blue,Brown,Red,Green,Orange",Olive
#cb988d,"Blue,Brown,Red,Green,Orange",Olive
#5e4842,"Red,Orange,Purple,Green,Blue",Black Brown
#b68e7e,"Blue,Brown,Red,Green,Orange",Light Brown
#efbcc2,"Blue,Brown,Red,Green,Orange",Fair
#936e63,"Red,Orange,Purple,Green,Blue",Brown
#8b5332,"Red,Orange,Purple,Green,Blue",Brown
#ae8671,"Blue,Brown,Red,Green,Orange",Light Brown
#cf8d6d,"Blue,Brown,Red,Green,Orange",Olive
#906a59,"Red,Orange,Purple,Green,Blue",Brown
#877777,"Blue,Brown,Red,Green,Orange",Brown
#a26e4f,"Blue,Brown,Red,Green,Orange",Light Brown
#7b5843,"Red,Orange,Purple,Green,Blue",Brown
#a46e5f,"Blue,Brown,Red,Green,Orange",Light Brown
#946750,"Red,Orange,Purple,Green,Blue",Light Brown
#8d6149,"Red,Orange,Purple,Green,Blue",Brown
#ab8367,"Blue,Brown,Red,Green,Orange",Light Brown
#987460,"Blue,Brown,Red,Green,Orange",Light Brown
#ab7d67,"Blue,Brown,Red,Green,Orange",Light Brown
#b69286,"Blue,Brown,Red,Green,Orange",Light Brown
#6b4e51,"Red,Orange,Purple,Green,Blue",Brown
#e5b9a1,"Blue,Brown,Red,Green,Orange",Olive
#c5814c,"Blue,Brown,Red,Green,Orange",Light Brown
#ab796e,"Blue,Brown,Red,Green,Orange",Light Brown
#9e6957,"Red,Orange,Purple,Green,Blue",Light Brown
#82181e,"Red,Orange,Purple,Green,Blue",Brown
#b09180,"Blue,Brown,Red,Green,Orange",Light Brown
#aea9a7,"Blue,Brown,Red,Green,Orange",Light Brown
#7e5f52,"Red,Orange,Purple,Green,Blue",Brown
#c29279,"Blue,Brown,Red,Green,Orange",Light Brown
#734734,"Red,Orange,Purple,Green,Blue",Brown
#a77b60,"Blue,Brown,Red,Green,Orange",Light Brown
#af785e,"Blue,Brown,Red,Green,Orange",Light Brown
#a87159,"Blue,Brown,Red,Green,Orange",Light Brown
#a57c68,"Blue,Brown,Red,Green,Orange",Light Brown
#977764,"Blue,Brown,Red,Green,Orange",Light Brown
#8e674a,"Red,Orange,Purple,Green,Blue",Brown
#986f5f,"Blue,Brown,Red,Green,Orange",Light Brown
#7e6260,"Red,Orange,Purple,Green,Blue",Brown
#685545,"Red,Orange,Purple,Green,Blue",Brown
#ab9590,"Blue,Brown,Red,Green,Orange",Light Brown
#a17e6a,"Blue,Brown,Red,Green,Orange",Light Brown
#7d5440,"Red,Orange,Purple,Green,Blue",Brown
#876667,"Red,Orange,Purple,Green,Blue",Brown
#b8937c,"Blue,Brown,Red,Green,Orange",Light Brown
#a36f55,"Blue,Brown,Red,Green,Orange",Light Brown
#bd9d8e,"Blue,Brown,Red,Green,Orange",Light Brown
#795343,"Red,Orange,Purple,Green,Blue",Brown
#8e6557,"Red,Orange,Purple,Green,Blue",Brown
#a7755e,"Blue,Brown,Red,Green,Orange",Light Brown
#8f6044,"Red,Orange,Purple,Green,Blue",Brown
#b3866e,"Blue,Brown,Red,Green,Orange",Light Brown
#8a684e,"Red,Orange,Purple,Green,Blue",Brown
#c6a497,"Blue,Brown,Red,Green,Orange",Light Brown
#c6a497,"Blue,Brown,Red,Green,Orange",Light Brown
#b18259,"Blue,Brown,Red,Green,Orange",Light Brown
#986c56,"Red,Orange,Purple,Green,Blue",Light Brown
#9b6f5a,"Blue,Brown,Red,Green,Orange",Light Brown
#98887a,"Blue,Brown,Red,Green,Orange",Light Brown
#b18b78,"Blue,Brown,Red,Green,Orange",Light Brown
#dbab90,"Blue,Brown,Red,Green,Orange",Olive
#b3866e,"Blue,Brown,Red,Green,Orange",Light Brown
#8c6857,"Red,Orange,Purple,Green,Blue",Brown
#ab826a,"Blue,Brown,Red,Green,Orange",Light Brown
#a37759,"Blue,Brown,Red,Green,Orange",Light Brown
#a98c7b,"Blue,Brown,Red,Green,Orange",Light Brown
#72584d,"Red,Orange,Purple,Green,Blue",Brown
#9e7c66,"Blue,Brown,Red,Green,Orange",Light Brown
#ac8877,"Blue,Brown,Red,Green,Orange",Light Brown
#a37e6d,"Blue,Brown,Red,Green,Orange",Light Brown
#a68676,"Blue,Brown,Red,Green,Orange",Light Brown
#69402c,"Red,Orange,Purple,Green,Blue",Brown
#ac857b,"Blue,Brown,Red,Green,Orange",Light Brown
#867462,"Blue,Brown,Red,Green,Orange",Brown
#bf8874,"Blue,Brown,Red,Green,Orange",Light Brown
#aa856a,"Blue,Brown,Red,Green,Orange",Light Brown
#5e463b,"Red,Orange,Purple,Green,Blue",Black Brown
#9f654b,"Red,Orange,Purple,Green,Blue",Light Brown
#a18979,"Blue,Brown,Red,Green,Orange",Light Brown
#af8974,"Blue,Brown,Red,Green,Orange",Light Brown
#a97e66,"Blue,Brown,Red,Green,Orange",Light Brown
#896664,"Red,Orange,Purple,Green,Blue",Brown
#8b5a47,"Red,Orange,Purple,Green,Blue",Brown
#a5837b,"Blue,Brown,Red,Green,Orange",Light Brown
#715641,"Red,Orange,Purple,Green,Blue",Brown
#bda498,"Blue,Brown,Red,Green,Orange",Light Brown
#86553e,"Red,Orange,Purple,Green,Blue",Brown
#2b1b1a,"Red,Orange,Purple,Green,Blue",Black Brown
#ac795b,"Blue,Brown,Red,Green,Orange",Light Brown
#87694d,"Red,Orange,Purple,Green,Blue",Brown
#544742,"Red,Orange,Purple,Green,Blue",Black Brown
#704b38,"Red,Orange,Purple,Green,Blue",Brown
#aa6a4e,"Blue,Brown,Red,Green,Orange",Light Brown
#8f5e4b,"Red,Orange,Purple,Green,Blue",Brown
#9b5a40,"Red,Orange,Purple,Green,Blue",Light Brown
#744e3c,"Red,Orange,Purple,Green,Blue",Brown
#79614e,"Red,Orange,Purple,Green,Blue",Brown
#7f5540,"Red,Orange,Purple,Green,Blue",Brown
#8a5f47,"Red,Orange,Purple,Green,Blue",Brown
#a86947,"Blue,Brown,Red,Green,Orange",Light Brown
#91746b,"Blue,Brown,Red,Green,Orange",Brown
#a47b69,"Blue,Brown,Red,Green,Orange",Light Brown
#926956,"Red,Orange,Purple,Green,Blue",Brown
#8c7e7b,"Blue,Brown,Red,Green,Orange",Brown
#72442d,"Red,Orange,Purple,Green,Blue",Brown
#936244,"Red,Orange,Purple,Green,Blue",Brown
#c19d8a,"Blue,Brown,Red,Green,Orange",Light Brown
#c4bec9,"Blue,Brown,Red,Green,Orange",Light Brown
#956c4e,"Red,Orange,Purple,Green,Blue",Light Brown
#4b3632,"Red,Orange,Purple,Green,Blue",Black Brown
#dbab8e,"Blue,Brown,Red,Green,Orange",Olive
#cea993,"Blue,Brown,Red,Green,Orange",Olive
#b8988b,"Blue,Brown,Red,Green,Orange",Light Brown
#8c5e4b,"Red,Orange,Purple,Green,Blue",Brown
#63433e,"Red,Orange,Purple,Green,Blue",Brown
#897464,"Blue,Brown,Red,Green,Orange",Brown
#a67664,"Blue,Brown,Red,Green,Orange",Light Brown
#a3735c,"Blue,Brown,Red,Green,Orange",Light Brown
#a47160,"Blue,Brown,Red,Green,Orange",Light Brown
#9f6e5a,"Blue,Brown,Red,Green,Orange",Light Brown
#774f3e,"Red,Orange,Purple,Green,Blue",Brown
#956c4f,"Red,Orange,Purple,Green,Blue",Light Brown
#86787a,"Blue,Brown,Red,Green,Orange",Brown
#977158,"Blue,Brown,Red,Green,Orange",Light Brown
#6d3d29,"Red,Orange,Purple,Green,Blue",Brown
#877368,"Red,Orange,Purple,Green,Blue",Brown
#725245,"Red,Orange,Purple,Green,Blue",Brown
#a78b88,"Blue,Brown,Red,Green,Orange",Light Brown
#d9a782,"Blue,Brown,Red,Green,Orange",Olive
#795140,"Red,Orange,Purple,Green,Blue",Brown
#ad7f6a,"Blue,Brown,Red,Green,Orange",Light Brown
#9b7a6c,"Blue,Brown,Red,Green,Orange",Light Brown
#996462,"Red,Orange,Purple,Green,Blue",Light Brown
#83564e,"Red,Orange,Purple,Green,Blue",Brown
#9b5f4a,"Red,Orange,Purple,Green,Blue",Light Brown
#9b5f4a,"Red,Orange,Purple,Green,Blue",Light Brown
#a5705a,"Blue,Brown,Red,Green,Orange",Light Brown
#aa8e7f,"Blue,Brown,Red,Green,Orange",Light Brown
#c3a592,"Blue,Brown,Red,Green,Orange",Light Brown
#b18a73,"Blue,Brown,Red,Green,Orange",Light Brown
#bd805a,"Blue,Brown,Red,Green,Orange",Light Brown
#7f7f7b,"Blue,Brown,Red,Green,Orange",Brown
#a36b48,"Blue,Brown,Red,Green,Orange",Light Brown
#65473b,"Red,Orange,Purple,Green,Blue",Brown
#af785f,"Blue,Brown,Red,Green,Orange",Light Brown
#7e624e,"Red,Orange,Purple,Green,Blue",Brown
#a07058,"Blue,Brown,Red,Green,Orange",Light Brown
#a06c4d,"Blue,Brown,Red,Green,Orange",Light Brown
#7d5c5b,"Red,Orange,Purple,Green,Blue",Brown
#a88f86,"Blue,Brown,Red,Green,Orange",Light Brown
#70554a,"Red,Orange,Purple,Green,Blue",Brown
#c49b7f,"Blue,Brown,Red,Green,Orange",Light Brown
#a98268,"Blue,Brown,Red,Green,Orange",Light Brown
#ddbfb1,"Blue,Brown,Red,Green,Orange",Olive
#a57153,"Blue,Brown,Red,Green,Orange",Light Brown
#ab8b7a,"Blue,Brown,Red,Green,Orange",Light Brown
#d0a992,"Blue,Brown,Red,Green,Orange",Olive
#875a44,"Red,Orange,Purple,Green,Blue",Brown
#824e3e,"Red,Orange,Purple,Green,Blue",Brown
#705846,"Red,Orange,Purple,Green,Blue",Brown
#633c2d,"Red,Orange,Purple,Green,Blue",Brown
#a77359,"Blue,Brown,Red,Green,Orange",Light Brown
#c3a99e,"Blue,Brown,Red,Green,Orange",Light Brown
#7b4d31,"Red,Orange,Purple,Green,Blue",Brown
#675049,"Red,Orange,Purple,Green,Blue",Brown
#5c4037,"Red,Orange,Purple,Green,Blue",Black Brown
#9d6e56,"Blue,Brown,Red,Green,Orange",Light Brown
#986e59,"Blue,Brown,Red,Green,Orange",Light Brown
#8e7165,"Blue,Brown,Red,Green,Orange",Brown
#715646,"Red,Orange,Purple,Green,Blue",Brown
#b59b8e,"Blue,Brown,Red,Green,Orange",Light Brown
#977464,"Blue,Brown,Red,Green,Orange",Light Brown
#87736e,"Blue,Brown,Red,Green,Orange",Brown
#a77d6f,"Blue,Brown,Red,Green,Orange",Light Brown
#99684b,"Red,Orange,Purple,Green,Blue",Light Brown
#987262,"Blue,Brown,Red,Green,Orange",Light Brown
#857c77,"Blue,Brown,Red,Green,Orange",Brown
#7c5547,"Red,Orange,Purple,Green,Blue",Brown
#977e74,"Blue,Brown,Red,Green,Orange",Light Brown
#a37b67,"Blue,Brown,Red,Green,Orange",Light Brown
#ab785a,"Blue,Brown,Red,Green,Orange",Light Brown
#7c5740,"Red,Orange,Purple,Green,Blue",Brown
#886b5f,"Red,Orange,Purple,Green,Blue",Brown
#6d4732,"Red,Orange,Purple,Green,Blue",Brown
#997463,"Blue,Brown,Red,Green,Orange",Light Brown
#c29f8b,"Blue,Brown,Red,Green,Orange",Light Brown
#332821,"Red,Orange,Purple,Green,Blue",Black Brown
#cb9273,"Blue,Brown,Red,Green,Orange",Olive
#a67457,"Blue,Brown,Red,Green,Orange",Light Brown
#b3927c,"Blue,Brown,Red,Green,Orange",Light Brown
#977565,"Blue,Brown,Red,Green,Orange",Light Brown
#a26f59,"Blue,Brown,Red,Green,Orange",Light Brown
#90745c,"Blue,Brown,Red,Green,Orange",Brown
#434343,"Red,Orange,Purple,Green,Blue",Black Brown
#a27667,"Blue,Brown,Red,Green,Orange",Light Brown
#aa785f,"Blue,Brown,Red,Green,Orange",Light Brown
#baa7a2,"Blue,Brown,Red,Green,Orange",Light Brown
#866763,"Red,Orange,Purple,Green,Blue",Brown
#5a403c,"Red,Orange,Purple,Green,Blue",Black Brown
#b38066,"Blue,Brown,Red,Green,Orange",Light Brown
#a77860,"Blue,Brown,Red,Green,Orange",Light Brown
#5a4c45,"Red,Orange,Purple,Green,Blue",Black Brown
#c9af9a,"Blue,Brown,Red,Green,Orange",Olive
#976f58,"Blue,Brown,Red,Green,Orange",Light Brown
#9f8381,"Blue,Brown,Red,Green,Orange",Light Brown
#875d4e,"Red,Orange,Purple,Green,Blue",Brown
#765b52,"Red,Orange,Purple,Green,Blue",Brown
#9b6d65,"Blue,Brown,Red,Green,Orange",Light Brown
#5c3f36,"Red,Orange,Purple,Green,Blue",Black Brown
#a5735b,"Blue,Brown,Red,Green,Orange",Light Brown
#a47c6a,"Blue,Brown,Red,Green,Orange",Light Brown
#724d33,"Red,Orange,Purple,Green,Blue",Brown
#be9f91,"Blue,Brown,Red,Green,Orange",Light Brown
#987f73,"Blue,Brown,Red,Green,Orange",Light Brown
#86614e,"Red,Orange,Purple,Green,Blue",Brown
#bd9c8c,"Blue,Brown,Red,Green,Orange",Light Brown
#dcbdad,"Blue,Brown,Red,Green,Orange",Olive
#b7917f,"Blue,Brown,Red,Green,Orange",Light Brown
#b3684f,"Blue,Brown,Red,Green,Orange",Light Brown
#7d5a4c,"Red,Orange,Purple,Green,Blue",Brown
#d8ad97,"Blue,Brown,Red,Green,Orange",Olive
#846750,"Red,Orange,Purple,Green,Blue",Brown
#917059,"Red,Orange,Purple,Green,Blue",Brown
#806050,"Red,Orange,Purple,Green,Blue",Brown
#9c785b,"Blue,Brown,Red,Green,Orange",Light Brown
#907467,"Blue,Brown,Red,Green,Orange",Brown
#9b6a53,"Red,Orange,Purple,Green,Blue",Light Brown
#775e4d,"Red,Orange,Purple,Green,Blue",Brown
#82624c,"Red,Orange,Purple,Green,Blue",Brown
#b79582,"Blue,Brown,Red,Green,Orange",Light Brown
#655a53,"Red,Orange,Purple,Green,Blue",Brown
#6a605c,"Red,Orange,Purple,Green,Blue",Brown
#9e7f67,"Blue,Brown,Red,Green,Orange",Light Brown
#af8068,"Blue,Brown,Red,Green,Orange",Light Brown
#7f5649,"Red,Orange,Purple,Green,Blue",Brown
#725850,"Red,Orange,Purple,Green,Blue",Brown
#9e8372,"Blue,Brown,Red,Green,Orange",Light Brown
#8b6046,"Red,Orange,Purple,Green,Blue",Brown
#a97a5c,"Blue,Brown,Red,Green,Orange",Light Brown
#c0ab9f,"Blue,Brown,Red,Green,Orange",Light Brown
#b97968,"Blue,Brown,Red,Green,Orange",Light Brown
#b07460,"Blue,Brown,Red,Green,Orange",Light Brown
#936f59,"Red,Orange,Purple,Green,Blue",Brown
#8e6757,"Red,Orange,Purple,Green,Blue",Brown
#d5baae,"Blue,Brown,Red,Green,Orange",Olive
#b9846d,"Blue,Brown,Red,Green,Orange",Light Brown
#b79887,"Blue,Brown,Red,Green,Orange",Light Brown
#755a4f,"Red,Orange,Purple,Green,Blue",Brown
#c68d71,"Blue,Brown,Red,Green,Orange",Light Brown
#dbb599,"Blue,Brown,Red,Green,Orange",Olive
#bd8771,"Blue,Brown,Red,Green,Orange",Light Brown
#a3684f,"Red,Orange,Purple,Green,Blue",Light Brown
#9b715b,"Blue,Brown,Red,Green,Orange",Light Brown
#c99377,"Blue,Brown,Red,Green,Orange",Olive
#72513f,"Red,Orange,Purple,Green,Blue",Brown
#ce946c,"Blue,Brown,Red,Green,Orange",Olive
#d3a07b,"Blue,Brown,Red,Green,Orange",Olive
#a77662,"Blue,Brown,Red,Green,Orange",Light Brown
#99857b,"Blue,Brown,Red,Green,Orange",Light Brown
#d19d87,"Blue,Brown,Red,Green,Orange",Olive
#b89b8b,"Blue,Brown,Red,Green,Orange",Light Brown
#af7d5e,"Blue,Brown,Red,Green,Orange",Light Brown
#6f4936,"Red,Orange,Purple,Green,Blue",Brown
#ae8776,"Blue,Brown,Red,Green,Orange",Light Brown
#b58c7c,"Blue,Brown,Red,Green,Orange",Light Brown
#ba9075,"Blue,Brown,Red,Green,Orange",Light Brown
#a06f5a,"Blue,Brown,Red,Green,Orange",Light Brown
#936647,"Red,Orange,Purple,Green,Blue",Brown
#91634b,"Red,Orange,Purple,Green,Blue",Brown
#a0867b,"Blue,Brown,Red,Green,Orange",Light Brown
#a5775c,"Blue,Brown,Red,Green,Orange",Light Brown
#8e715e,"Red,Orange,Purple,Green,Blue",Brown
#795141,"Red,Orange,Purple,Green,Blue",Brown
#9e7262,"Blue,Brown,Red,Green,Orange",Light Brown
#a4816f,"Blue,Brown,Red,Green,Orange",Light Brown
#9b7460,"Blue,Brown,Red,Green,Orange",Light Brown
#a27a6a,"Blue,Brown,Red,Green,Orange",Light Brown
#6f3f25,"Red,Orange,Purple,Green,Blue",Brown
#8d685c,"Red,Orange,Purple,Green,Blue",Brown
#9a7965,"Blue,Brown,Red,Green,Orange",Light Brown
#9d755d,"Blue,Brown,Red,Green,Orange",Light Brown
#704c41,"Red,Orange,Purple,Green,Blue",Brown
#c28b70,"Blue,Brown,Red,Green,Orange",Light Brown
#a06d54,"Blue,Brown,Red,Green,Orange",Light Brown
#b89b87,"Blue,Brown,Red,Green,Orange",Light Brown
#b48366,"Blue,Brown,Red,Green,Orange",Light Brown
#704e3c,"Red,Orange,Purple,Green,Blue",Brown
#b49481,"Blue,Brown,Red,Green,Orange",Light Brown
#9a7563,"Blue,Brown,Red,Green,Orange",Light Brown
#a66c54,"Blue,Brown,Red,Green,Orange",Light Brown
#7c6258,"Red,Orange,Purple,Green,Blue",Brown
#58473f,"Red,Orange,Purple,Green,Blue",Black Brown
#773b22,"Red,Orange,Purple,Green,Blue",Brown
#9b8880,"Blue,Brown,Red,Green,Orange",Light Brown
#c59a85,"Blue,Brown,Red,Green,Orange",Light Brown
#97715b,"Blue,Brown,Red,Green,Orange",Light Brown
#87685f,"Red,Orange,Purple,Green,Blue",Brown
#906e63,"Red,Orange,Purple,Green,Blue",Brown
#cba698,"Blue,Brown,Red,Green,Orange",Olive
#c79275,"Blue,Brown,Red,Green,Orange",Light Brown
#694a41,"Red,Orange,Purple,Green,Blue",Brown
#bf8871,"Blue,Brown,Red,Green,Orange",Light Brown
#c4967f,"Blue,Brown,Red,Green,Orange",Light Brown
#a87054,"Blue,Brown,Red,Green,Orange",Light Brown
#8d7365,"Blue,Brown,Red,Green,Orange",Brown
#c19e89,"Blue,Brown,Red,Green,Orange",Light Brown
#bab4b6,"Blue,Brown,Red,Green,Orange",Light Brown
#724a3f,"Red,Orange,Purple,Green,Blue",Brown
#b09684,"Blue,Brown,Red,Green,Orange",Light Brown
#ab816e,"Blue,Brown,Red,Green,Orange",Light Brown
#876254,"Red,Orange,Purple,Green,Blue",Brown
#66463d,"Red,Orange,Purple,Green,Blue",Brown
#a17e6a,"Blue,Brown,Red,Green,Orange",Light Brown
#90644c,"Red,Orange,Purple,Green,Blue",Brown
#9e6f58,"Blue,Brown,Red,Green,Orange",Light Brown
#786250,"Red,Orange,Purple,Green,Blue",Brown
#9d816d,"Blue,Brown,Red,Green,Orange",Light Brown
#aa7c64,"Blue,Brown,Red,Green,Orange",Light Brown
#986849,"Red,Orange,Purple,Green,Blue",Light Brown
#cda48e,"Blue,Brown,Red,Green,Orange",Olive
#a37c6a,"Blue,Brown,Red,Green,Orange",Light Brown
#b58b76,"Blue,Brown,Red,Green,Orange",Light Brown
#5f463d,"Red,Orange,Purple,Green,Blue",Black Brown
#7a6155,"Red,Orange,Purple,Green,Blue",Brown
#bb998d,"Blue,Brown,Red,Green,Orange",Light Brown
#895135,"Red,Orange,Purple,Green,Blue",Brown
#d1b5a8,"Blue,Brown,Red,Green,Orange",Olive
#c2a291,"Blue,Brown,Red,Green,Orange",Light Brown
#9a7863,"Blue,Brown,Red,Green,Orange",Light Brown
#9e775f,"Blue,Brown,Red,Green,Orange",Light Brown
#9a6f62,"Blue,Brown,Red,Green,Orange",Light Brown
#75503f,"Red,Orange,Purple,Green,Blue",Brown
#a67f6b,"Blue,Brown,Red,Green,Orange",Light Brown
#926759,"Red,Orange,Purple,Green,Blue",Brown
#b48164,"Blue,Brown,Red,Green,Orange",Light Brown
#b98e84,"Blue,Brown,Red,Green,Orange",Light Brown
#a67d65,"Blue,Brown,Red,Green,Orange",Light Brown
#a77c63,"Blue,Brown,Red,Green,Orange",Light Brown
#956953,"Red,Orange,Purple,Green,Blue",Light Brown
#c48f6a,"Blue,Brown,Red,Green,Orange",Light Brown
#685c55,"Red,Orange,Purple,Green,Blue",Brown
#a2775b,"Blue,Brown,Red,Green,Orange",Light Brown
#705b58,"Red,Orange,Purple,Green,Blue",Brown
#816457,"Red,Orange,Purple,Green,Blue",Brown
#835e4c,"Red,Orange,Purple,Green,Blue",Brown
#966e60,"Blue,Brown,Red,Green,Orange",Light Brown
#967264,"Blue,Brown,Red,Green,Orange",Light Brown
#956047,"Red,Orange,Purple,Green,Blue",Light Brown
#866b5b,"Red,Orange,Purple,Green,Blue",Brown
#875948,"Red,Orange,Purple,Green,Blue",Brown
#b68c7e,"Blue,Brown,Red,Green,Orange",Light Brown
#cdbcbe,"Blue,Brown,Red,Green,Orange",Olive
#a07566,"Blue,Brown,Red,Green,Orange",Light Brown
#926956,"Red,Orange,Purple,Green,Blue",Brown
#deb6a0,"Blue,Brown,Red,Green,Orange",Olive
#d0afa1,"Blue,Brown,Red,Green,Orange",Olive
#a08776,"Blue,Brown,Red,Green,Orange",Light Brown
#b99b83,"Blue,Brown,Red,Green,Orange",Light Brown
#a58775,"Blue,Brown,Red,Green,Orange",Light Brown
#875040,"Red,Orange,Purple,Green,Blue",Brown
#cfa09b,"Blue,Brown,Red,Green,Orange",Olive
#a37f67,"Blue,Brown,Red,Green,Orange",Light Brown
#a78772,"Blue,Brown,Red,Green,Orange",Light Brown
#2b457d,"Red,Orange,Purple,Green,Blue",Black Brown
#8a6f60,"Red,Orange,Purple,Green,Blue",Brown
#cc8d73,"Blue,Brown,Red,Green,Orange",Olive
#d09b81,"Blue,Brown,Red,Green,Orange",Olive
#b38167,"Blue,Brown,Red,Green,Orange",Light Brown
#ae8d79,"Blue,Brown,Red,Green,Orange",Light Brown
#95725c,"Blue,Brown,Red,Green,Orange",Light Brown
#7c5740,"Red,Orange,Purple,Green,Blue",Brown
#9a7252,"Blue,Brown,Red,Green,Orange",Light Brown
#814b2f,"Red,Orange,Purple,Green,Blue",Brown
#66544f,"Red,Orange,Purple,Green,Blue",Brown
#988078,"Blue,Brown,Red,Green,Orange",Light Brown
#a2a2a2,"Blue,Brown,Red,Green,Orange",Light Brown
#9a9186,"Blue,Brown,Red,Green,Orange",Light Brown
#565f69,"Red,Orange,Purple,Green,Blue",Black Brown
#605c56,"Red,Orange,Purple,Green,Blue",Black Brown
#8b7069,"Red,Orange,Purple,Green,Blue",Brown
#826457,"Red,Orange,Purple,Green,Blue",Brown
#cc8d73,"Blue,Brown,Red,Green,Orange",Olive
#4b433b,"Red,Orange,Purple,Green,Blue",Black Brown
#908381,"Blue,Brown,Red,Green,Orange",Brown
#aa8c7c,"Blue,Brown,Red,Green,Orange",Light Brown
#7e6552,"Red,Orange,Purple,Green,Blue",Brown
#b18569,"Blue,Brown,Red,Green,Orange",Light Brown
#be8e77,"Blue,Brown,Red,Green,Orange",Light Brown
#6f503b,"Red,Orange,Purple,Green,Blue",Brown
#814a32,"Red,Orange,Purple,Green,Blue",Brown
#7e645a,"Red,Orange,Purple,Green,Blue",Brown
#ad8f80,"Blue,Brown,Red,Green,Orange",Light Brown
#d3b6a3,"Blue,Brown,Red,Green,Orange",Olive
#7b685e,"Red,Orange,Purple,Green,Blue",Brown
#988079,"Blue,Brown,Red,Green,Orange",Light Brown
#76523e,"Red,Orange,Purple,Green,Blue",Brown
#8f755f,"Blue,Brown,Red,Green,Orange",Brown
#cfb7a3,"Blue,Brown,Red,Green,Orange",Olive
#a8a8a8,"Blue,Brown,Red,Green,Orange",Light Brown
#c1a392,"Blue,Brown,Red,Green,Orange",Light Brown
#beaa9b,"Blue,Brown,Red,Green,Orange",Light Brown
#d0b6a7,"Blue,Brown,Red,Green,Orange",Olive
#d0977d,"Blue,Brown,Red,Green,Orange",Olive
#ac8266,"Blue,Brown,Red,Green,Orange",Light Brown
#ac7555,"Blue,Brown,Red,Green,Orange",Light Brown
#8d7167,"Blue,Brown,Red,Green,Orange",Brown
#b39587,"Blue,Brown,Red,Green,Orange",Light Brown
#ab8c81,"Blue,Brown,Red,Green,Orange",Light Brown
#a68a74,"Blue,Brown,Red,Green,Orange",Light Brown
#d7bca9,"Blue,Brown,Red,Green,Orange",Olive
#917875,"Blue,Brown,Red,Green,Orange",Brown
#8b7360,"Blue,Brown,Red,Green,Orange",Brown
#b19d89,"Blue,Brown,Red,Green,Orange",Light Brown
#a1857b,"Blue,Brown,Red,Green,Orange",Light Brown
#af9a90,"Blue,Brown,Red,Green,Orange",Light Brown
#8d6a59,"Red,Orange,Purple,Green,Blue",Brown
#966d5b,"Red,Orange,Purple,Green,Blue",Light Brown
#815e4c,"Red,Orange,Purple,Green,Blue",Brown
#795946,"Red,Orange,Purple,Green,Blue",Brown
#b09095,"Blue,Brown,Red,Green,Orange",Light Brown
#895c41,"Red,Orange,Purple,Green,Blue",Brown
#a3a49b,"Blue,Brown,Red,Green,Orange",Light Brown
#b9acb4,"Blue,Brown,Red,Green,Orange",Light Brown
#524842,"Red,Orange,Purple,Green,Blue",Black Brown
#c6b1a7,"Blue,Brown,Red,Green,Orange",Light Brown
#9b5e37,"Red,Orange,Purple,Green,Blue",Light Brown
#ae8d76,"Blue,Brown,Red,Green,Orange",Light Brown
#ad846e,"Blue,Brown,Red,Green,Orange",Light Brown
#765542,"Red,Orange,Purple,Green,Blue",Brown
#7f6d66,"Red,Orange,Purple,Green,Blue",Brown
#9d8676,"Blue,Brown,Red,Green,Orange",Light Brown
#ae7b70,"Blue,Brown,Red,Green,Orange",Light Brown
#9f6a53,"Red,Orange,Purple,Green,Blue",Light Brown
#969696,"Blue,Brown,Red,Green,Orange",Light Brown
#8b604c,"Red,Orange,Purple,Green,Blue",Brown
#a87968,"Blue,Brown,Red,Green,Orange",Light Brown
#a48b85,"Blue,Brown,Red,Green,Orange",Light Brown
#bc9579,"Blue,Brown,Red,Green,Orange",Light Brown
#634e40,"Red,Orange,Purple,Green,Blue",Brown
#9f7d6c,"Blue,Brown,Red,Green,Orange",Light Brown
#99715b,"Blue,Brown,Red,Green,Orange",Light Brown
#b09583,"Blue,Brown,Red,Green,Orange",Light Brown
#9a8476,"Blue,Brown,Red,Green,Orange",Light Brown
#cab0a6,"Blue,Brown,Red,Green,Orange",Olive
#aa9388,"Blue,Brown,Red,Green,Orange",Light Brown
#b39282,"Blue,Brown,Red,Green,Orange",Light Brown
#be9a85,"Blue,Brown,Red,Green,Orange",Light Brown
#724f43,"Red,Orange,Purple,Green,Blue",Brown
#87634a,"Red,Orange,Purple,Green,Blue",Brown
#978072,"Blue,Brown,Red,Green,Orange",Light Brown
#b8998c,"Blue,Brown,Red,Green,Orange",Light Brown
#80564f,"Red,Orange,Purple,Green,Blue",Brown
#48362d,"Red,Orange,Purple,Green,Blue",Black Brown
#6f645a,"Red,Orange,Purple,Green,Blue",Brown
#a7928e,"Blue,Brown,Red,Green,Orange",Light Brown
#826553,"Red,Orange,Purple,Green,Blue",Brown
#ab9180,"Blue,Brown,Red,Green,Orange",Light Brown
#86614b,"Red,Orange,Purple,Green,Blue",Brown
#7b6258,"Red,Orange,Purple,Green,Blue",Brown
#dfb7a1,"Blue,Brown,Red,Green,Orange",Olive
#9c7d68,"Blue,Brown,Red,Green,Orange",Light Brown
#a28776,"Blue,Brown,Red,Green,Orange",Light Brown
#492b22,"Red,Orange,Purple,Green,Blue",Black Brown
#64473c,"Red,Orange,Purple,Green,Blue",Brown
#a46d56,"Blue,Brown,Red,Green,Orange",Light Brown
#917e76,"Blue,Brown,Red,Green,Orange",Brown
#513935,"Red,Orange,Purple,Green,Blue",Black Brown
#624037,"Red,Orange,Purple,Green,Blue",Black Brown
#484848,"Red,Orange,Purple,Green,Blue",Black Brown
#8c6652,"Red,Orange,Purple,Green,Blue",Brown
#6b4e48,"Red,Orange,Purple,Green,Blue",Brown
#625739,"Red,Orange,Purple,Green,Blue",Black Brown
#a18783,"Blue,Brown,Red,Green,Orange",Light Brown
#755d54,"Red,Orange,Purple,Green,Blue",Brown
#ac8b78,"Blue,Brown,Red,Green,Orange",Light Brown
#a0645b,"Red,Orange,Purple,Green,Blue",Light Brown
#77807d,"Blue,Brown,Red,Green,Orange",Brown
#726e73,"Red,Orange,Purple,Green,Blue",Brown
#5e4033,"Red,Orange,Purple,Green,Blue",Black Brown
#9e8270,"Blue,Brown,Red,Green,Orange",Light Brown
#b99489,"Blue,Brown,Red,Green,Orange",Light Brown
#987f71,"Blue,Brown,Red,Green,Orange",Light Brown
#aa8375,"Blue,Brown,Red,Green,Orange",Light Brown
#b68c98,"Blue,Brown,Red,Green,Orange",Light Brown
#704e3c,"Red,Orange,Purple,Green,Blue",Brown
#91634d,"Red,Orange,Purple,Green,Blue",Brown
#dbab93,"Blue,Brown,Red,Green,Orange",Olive
#a1846e,"Blue,Brown,Red,Green,Orange",Light Brown
#9f7252,"Blue,Brown,Red,Green,Orange",Light Brown
#ac9586,"Blue,Brown,Red,Green,Orange",Light Brown
#bca59c,"Blue,Brown,Red,Green,Orange",Light Brown
#b2785b,"Blue,Brown,Red,Green,Orange",Light Brown
#978674,"Blue,Brown,Red,Green,Orange",Light Brown
#6b4b44,"Red,Orange,Purple,Green,Blue",Brown
#926b50,"Red,Orange,Purple,Green,Blue",Brown
#9b6446,"Red,Orange,Purple,Green,Blue",Light Brown
#97847b,"Blue,Brown,Red,Green,Orange",Light Brown
#baa092,"Blue,Brown,Red,Green,Orange",Light Brown
#885d53,"Red,Orange,Purple,Green,Blue",Brown
#313523,"Red,Orange,Purple,Green,Blue",Black Brown
#724d3a,"Red,Orange,Purple,Green,Blue",Brown
#a5927d,"Blue,Brown,Red,Green,Orange",Light Brown
#ceb1a7,"Blue,Brown,Red,Green,Orange",Olive
#bc9c7e,"Blue,Brown,Red,Green,Orange",Light Brown
#d3baa8,"Blue,Brown,Red,Green,Orange",Olive
#c2a693,"Blue,Brown,Red,Green,Orange",Light Brown
#7f6354,"Red,Orange,Purple,Green,Blue",Brown
#a18a7f,"Blue,Brown,Red,Green,Orange",Light Brown
#af6255,"Blue,Brown,Red,Green,Orange",Light Brown
#af9186,"Blue,Brown,Red,Green,Orange",Light Brown
#b88c73,"Blue,Brown,Red,Green,Orange",Light Brown
#c99d8b,"Blue,Brown,Red,Green,Orange",Olive
#a8806c,"Blue,Brown,Red,Green,Orange",Light Brown
#c49993,"Blue,Brown,Red,Green,Orange",Light Brown
#644330,"Red,Orange,Purple,Green,Blue",Brown
#d6b98c,"Blue,Brown,Red,Green,Orange",Olive
#a38776,"Blue,Brown,Red,Green,Orange",Light Brown
#caa08a,"Blue,Brown,Red,Green,Orange",Olive
#89664c,"Red,Orange,Purple,Green,Blue",Brown
#7c0d45,"Red,Orange,Purple,Green,Blue",Brown
#cfb2a7,"Blue,Brown,Red,Green,Orange",Olive
#885d52,"Red,Orange,Purple,Green,Blue",Brown
#ae9d93,"Blue,Brown,Red,Green,Orange",Light Brown
#6c5548,"Red,Orange,Purple,Green,Blue",Brown
#c47f68,"Blue,Brown,Red,Green,Orange",Light Brown
#9f694f,"Red,Orange,Purple,Green,Blue",Light Brown
#fedbc7,"Blue,Brown,Red,Green,Orange",Fair
#f0d0b4,"Blue,Brown,Red,Green,Orange",Fair
#f1ddcb,"Blue,Brown,Red,Green,Orange",Fair
#eacbc6,"Blue,Brown,Red,Green,Orange",Fair
#facdc8,"Blue,Brown,Red,Green,Orange",Fair
#FFF5E1,"Blue,Brown,Red,Green,Orange",Fair
#FFEDD9,"Blue,Brown,Red,Green,Orange",Fair
#FFE5D0,"Blue,Brown,Red,Green,Orange",Fair
#FFDDC6,"Blue,Brown,Red,Green,Orange",Fair
#FFD5BD,"Blue,Brown,Red,Green,Orange",Fair
#FFCDB4,"Blue,Brown,Red,Green,Orange",Fair
#FFC5AA,"Blue,Brown,Red,Green,Orange",Fair
#FFBD9F,"Blue,Brown,Red,Green,Orange",Fair
#FFB596,"Blue,Brown,Red,Green,Orange",Fair
#FFAD8C,"Blue,Brown,Red,Green,Orange",Fair
#FFA582,"Blue,Brown,Red,Green,Orange",Fair
#FF9D79,"Blue,Brown,Red,Green,Orange",Fair
#FF956F,"Blue,Brown,Red,Green,Orange",Fair
#FF8D65,"Blue,Brown,Red,Green,Orange",Fair
#FF855B,"Blue,Brown,Red,Green,Orange",Fair
#FF7C50,"Blue,Brown,Red,Green,Orange",Fair
#FF7446,"Blue,Brown,Red,Green,Orange",Fair
#FF6C3B,"Blue,Brown,Red,Green,Orange",Fair
#FF6431,"Blue,Brown,Red,Green,Orange",Fair
#FF5C27,"Blue,Brown,Red,Green,Orange",Fair
#FF541D,"Blue,Brown,Red,Green,Orange",Fair
#FF4B13,"Blue,Brown,Red,Green,Orange",Fair
#FF4308,"Blue,Brown,Red,Green,Orange",Fair
#F53B00,"Blue,Brown,Red,Green,Orange",Fair
#EB3700,"Blue,Brown,Red,Green,Orange",Fair
#E13300,"Blue,Brown,Red,Green,Orange",Fair
#FDF5E2,"Blue,Brown,Red,Green,Orange",Fair
#FDF4E0,"Blue,Brown,Red,Green,Orange",Fair
#FDF3DF,"Blue,Brown,Red,Green,Orange",Fair
#FDF3DE,"Blue,Brown,Red,Green,Orange",Fair
#FDF2DC,"Blue,Brown,Red,Green,Orange",Fair
#FDF1DB,"Blue,Brown,Red,Green,Orange",Fair
#FDF1DA,"Blue,Brown,Red,Green,Orange",Fair
#FDF0D9,"Blue,Brown,Red,Green,Orange",Fair
#FDEFD7,"Blue,Brown,Red,Green,Orange",Fair
#FDEFD6,"Blue,Brown,Red,Green,Orange",Fair
#FDEED5,"Blue,Brown,Red,Green,Orange",Fair
#FDEED4,"Blue,Brown,Red,Green,Orange",Fair
#FDEDD2,"Blue,Brown,Red,Green,Orange",Fair
#FDECD1,"Blue,Brown,Red,Green,Orange",Fair
#FDECD0,"Blue,Brown,Red,Green,Orange",Fair
#FDEBCF,"Blue,Brown,Red,Green,Orange",Fair
#FDEACD,"Blue,Brown,Red,Green,Orange",Fair
#FDEACC,"Blue,Brown,Red,Green,Orange",Fair
#FDE9CB,"Blue,Brown,Red,Green,Orange",Fair
#FDE8C9,"Blue,Brown,Red,Green,Orange",Fair
#FDE8C8,"Blue,Brown,Red,Green,Orange",Fair
#FDE7C7,"Blue,Brown,Red,Green,Orange",Fair
#FDE7C6,"Blue,Brown,Red,Green,Orange",Fair
#FDE6C4,"Blue,Brown,Red,Green,Orange",Fair
#FDE5C3,"Blue,Brown,Red,Green,Orange",Fair
#FEE5C2,"Blue,Brown,Red,Green,Orange",Fair
#FEE4C1,"Blue,Brown,Red,Green,Orange",Fair
#FEE3BF,"Blue,Brown,Red,Green,Orange",Fair
#FEE3BE,"Blue,Brown,Red,Green,Orange",Fair
#FEE2BD,"Blue,Brown,Red,Green,Orange",Fair
#FEE2BC,"Blue,Brown,Red,Green,Orange",Fair
#FEE1BA,"Blue,Brown,Red,Green,Orange",Fair
#FEE0B9,"Blue,Brown,Red,Green,Orange",Fair
#FEE0B8,"Blue,Brown,Red,Green,Orange",Fair
#FEDFB6,"Blue,Brown,Red,Green,Orange",Fair
#FEDEB5,"Blue,Brown,Red,Green,Orange",Fair
#FEDEB4,"Blue,Brown,Red,Green,Orange",Fair
#FEDDB3,"Blue,Brown,Red,Green,Orange",Fair
#FEDCB1,"Blue,Brown,Red,Green,Orange",Fair
#FEDCB0,"Blue,Brown,Red,Green,Orange",Fair
#FEDBAF,"Blue,Brown,Red,Green,Orange",Fair
#FEDBAE,"Blue,Brown,Red,Green,Orange",Fair
#FEDAAC,"Blue,Brown,Red,Green,Orange",Fair
#FED9AB,"Blue,Brown,Red,Green,Orange",Fair
#FED9AA,"Blue,Brown,Red,Green,Orange",Fair
#FED8A9,"Blue,Brown,Red,Green,Orange",Fair
#FED7A7,"Blue,Brown,Red,Green,Orange",Fair
#FED7A6,"Blue,Brown,Red,Green,Orange",Fair
#FED6A5,"Blue,Brown,Red,Green,Orange",Fair
#FFD6A4,"Blue,Brown,Red,Green,Orange",Fair
#946A3E,"Blue,Brown,Red,Green,Orange",Light Brown
#946A3E,"Blue,Brown,Red,Green,Orange",Light Brown
#946A3E,"Blue,Brown,Red,Green,Orange",Light Brown
#956B3F,"Blue,Brown,Red,Green,Orange",Light Brown
#956B3F,"Blue,Brown,Red,Green,Orange",Light Brown
#956B3F,"Blue,Brown,Red,Green,Orange",Light Brown
#966C40,"Blue,Brown,Red,Green,Orange",Light Brown
#966C40,"Blue,Brown,Red,Green,Orange",Light Brown
#976D41,"Blue,Brown,Red,Green,Orange",Light Brown
#976D41,"Blue,Brown,Red,Green,Orange",Light Brown
#976D41,"Blue,Brown,Red,Green,Orange",Light Brown
#986E42,"Blue,Brown,Red,Green,Orange",Light Brown
#986E42,"Blue,Brown,Red,Green,Orange",Light Brown
#986E42,"Blue,Brown,Red,Green,Orange",Light Brown
#996F43,"Blue,Brown,Red,Green,Orange",Light Brown
#996F43,"Blue,Brown,Red,Green,Orange",Light Brown
#9A7044,"Blue,Brown,Red,Green,Orange",Light Brown
#9A7044,"Blue,Brown,Red,Green,Orange",Light Brown
#9A7044,"Blue,Brown,Red,Green,Orange",Light Brown
#9B7145,"Blue,Brown,Red,Green,Orange",Light Brown
#9B7145,"Blue,Brown,Red,Green,Orange",Light Brown
#9C7246,"Blue,Brown,Red,Green,Orange",Light Brown
#9C7246,"Blue,Brown,Red,Green,Orange",Light Brown
#9C7246,"Blue,Brown,Red,Green,Orange",Light Brown
#9D7347,"Blue,Brown,Red,Green,Orange",Light Brown
#9D7347,"Blue,Brown,Red,Green,Orange",Light Brown
#9D7347,"Blue,Brown,Red,Green,Orange",Light Brown
#9E7448,"Blue,Brown,Red,Green,Orange",Light Brown
#9E7448,"Blue,Brown,Red,Green,Orange",Light Brown
#9F7549,"Blue,Brown,Red,Green,Orange",Light Brown
#9F7549,"Blue,Brown,Red,Green,Orange",Light Brown
#9F7549,"Blue,Brown,Red,Green,Orange",Light Brown
#A0764A,"Blue,Brown,Red,Green,Orange",Light Brown
#A0764A,"Blue,Brown,Red,Green,Orange",Light Brown
#A0764A,"Blue,Brown,Red,Green,Orange",Light Brown
#A1774B,"Blue,Brown,Red,Green,Orange",Light Brown
#A1774B,"Blue,Brown,Red,Green,Orange",Light Brown
#A2784C,"Blue,Brown,Red,Green,Orange",Light Brown
#A2784C,"Blue,Brown,Red,Green,Orange",Light Brown
#A2784C,"Blue,Brown,Red,Green,Orange",Light Brown
#A3794D,"Blue,Brown,Red,Green,Orange",Light Brown
#A3794D,"Blue,Brown,Red,Green,Orange",Light Brown
#A47A4E,"Blue,Brown,Red,Green,Orange",Light Brown
#A47A4E,"Blue,Brown,Red,Green,Orange",Light Brown
#A47A4E,"Blue,Brown,Red,Green,Orange",Light Brown
#A57B4F,"Blue,Brown,Red,Green,Orange",Light Brown
#A57B4F,"Blue,Brown,Red,Green,Orange",Light Brown
#A57B4F,"Blue,Brown,Red,Green,Orange",Light Brown
#A67C50,"Blue,Brown,Red,Green,Orange",Light Brown
#A67C50,"Blue,Brown,Red,Green,Orange",Light Brown
#A77D51,"Blue,Brown,Red,Green,Orange",Light Brown
#A77D51,"Blue,Brown,Red,Green,Orange",Light Brown
#A77D51,"Blue,Brown,Red,Green,Orange",Light Brown
#A87E52,"Blue,Brown,Red,Green,Orange",Light Brown
#A87E52,"Blue,Brown,Red,Green,Orange",Light Brown
#A97F53,"Blue,Brown,Red,Green,Orange",Light Brown
#A97F53,"Blue,Brown,Red,Green,Orange",Light Brown
#A97F53,"Blue,Brown,Red,Green,Orange",Light Brown
#AA8054,"Blue,Brown,Red,Green,Orange",Light Brown
#AA8054,"Blue,Brown,Red,Green,Orange",Light Brown
#AA8054,"Blue,Brown,Red,Green,Orange",Light Brown
#AB8155,"Blue,Brown,Red,Green,Orange",Light Brown
#AB8155,"Blue,Brown,Red,Green,Orange",Light Brown
#AC8256,"Blue,Brown,Red,Green,Orange",Light Brown
#AC8256,"Blue,Brown,Red,Green,Orange",Light Brown
#AC8256,"Blue,Brown,Red,Green,Orange",Light Brown
#AD8357,"Blue,Brown,Red,Green,Orange",Light Brown
#AD8357,"Blue,Brown,Red,Green,Orange",Light Brown
#AD8357,"Blue,Brown,Red,Green,Orange",Light Brown
#AE8458,"Blue,Brown,Red,Green,Orange",Light Brown
#AE8458,"Blue,Brown,Red,Green,Orange",Light Brown
#AF8559,"Blue,Brown,Red,Green,Orange",Light Brown
#AF8559,"Blue,Brown,Red,Green,Orange",Light Brown
#AF8559,"Blue,Brown,Red,Green,Orange",Light Brown
#B0865A,"Blue,Brown,Red,Green,Orange",Light Brown
#B0865A,"Blue,Brown,Red,Green,Orange",Light Brown
#B1875B,"Blue,Brown,Red,Green,Orange",Light Brown
#B1875B,"Blue,Brown,Red,Green,Orange",Light Brown
#B1875B,"Blue,Brown,Red,Green,Orange",Light Brown
#B2885C,"Blue,Brown,Red,Green,Orange",Light Brown
#B2885C,"Blue,Brown,Red,Green,Orange",Light Brown
#B2885C,"Blue,Brown,Red,Green,Orange",Light Brown
#B3895D,"Blue,Brown,Red,Green,Orange",Light Brown
#B3895D,"Blue,Brown,Red,Green,Orange",Light Brown
#B48A5E,"Blue,Brown,Red,Green,Orange",Light Brown
#B48A5E,"Blue,Brown,Red,Green,Orange",Light Brown
#B48A5E,"Blue,Brown,Red,Green,Orange",Light Brown
#B58B5F,"Blue,Brown,Red,Green,Orange",Light Brown
#B58B5F,"Blue,Brown,Red,Green,Orange",Light Brown
#B58B5F,"Blue,Brown,Red,Green,Orange",Light Brown
#B68C60,"Blue,Brown,Red,Green,Orange",Light Brown
#B68C60,"Blue,Brown,Red,Green,Orange",Light Brown
#B78D61,"Blue,Brown,Red,Green,Orange",Light Brown
#B78D61,"Blue,Brown,Red,Green,Orange",Light Brown
#B78D61,"Blue,Brown,Red,Green,Orange",Light Brown
#B88E62,"Blue,Brown,Red,Green,Orange",Light Brown
#B88E62,"Blue,Brown,Red,Green,Orange",Light Brown
#B98F63,"Blue,Brown,Red,Green,Orange",Light Brown
#B98F63,"Blue,Brown,Red,Green,Orange",Light Brown
#B98F63,"Blue,Brown,Red,Green,Orange",Light Brown
#BA9064,"Blue,Brown,Red,Green,Orange",Light Brown
#BA9064,"Blue,Brown,Red,Green,Orange",Light Brown
#BA9064,"Blue,Brown,Red,Green,Orange",Light Brown
#BB9165,"Blue,Brown,Red,Green,Orange",Light Brown
#BB9165,"Blue,Brown,Red,Green,Orange",Light Brown
#BC9266,"Blue,Brown,Red,Green,Orange",Light Brown
#BC9266,"Blue,Brown,Red,Green,Orange",Light Brown
#BC9266,"Blue,Brown,Red,Green,Orange",Light Brown
#BD9367,"Blue,Brown,Red,Green,Orange",Light Brown
#BD9367,"Blue,Brown,Red,Green,Orange",Light Brown
#BE9468,"Blue,Brown,Red,Green,Orange",Light Brown
#BE9468,"Blue,Brown,Red,Green,Orange",Light Brown
#BE9468,"Blue,Brown,Red,Green,Orange",Light Brown
#BF9569,"Blue,Brown,Red,Green,Orange",Light Brown
#BF9569,"Blue,Brown,Red,Green,Orange",Light Brown
#BF9569,"Blue,Brown,Red,Green,Orange",Light Brown
#C0966A,"Blue,Brown,Red,Green,Orange",Light Brown
#C0966A,"Blue,Brown,Red,Green,Orange",Light Brown
#C1976B,"Blue,Brown,Red,Green,Orange",Light Brown
#C1976B,"Blue,Brown,Red,Green,Orange",Light Brown
#C1976B,"Blue,Brown,Red,Green,Orange",Light Brown
#C2986C,"Blue,Brown,Red,Green,Orange",Light Brown
#C2986C,"Blue,Brown,Red,Green,Orange",Light Brown
#C2986C,"Blue,Brown,Red,Green,Orange",Light Brown
#C3996D,"Blue,Brown,Red,Green,Orange",Light Brown
#C3996D,"Blue,Brown,Red,Green,Orange",Light Brown
#C49A6E,"Blue,Brown,Red,Green,Orange",Light Brown
#C49A6E,"Blue,Brown,Red,Green,Orange",Light Brown
#C49A6E,"Blue,Brown,Red,Green,Orange",Light Brown
#C59B6F,"Blue,Brown,Red,Green,Orange",Light Brown
#C59B6F,"Blue,Brown,Red,Green,Orange",Light Brown
#C69C70,"Blue,Brown,Red,Green,Orange",Light Brown
#C69C70,"Blue,Brown,Red,Green,Orange",Light Brown
#C69C70,"Blue,Brown,Red,Green,Orange",Light Brown
#C79D71,"Blue,Brown,Red,Green,Orange",Light Brown
#C79D71,"Blue,Brown,Red,Green,Orange",Light Brown
#C79D71,"Blue,Brown,Red,Green,Orange",Light Brown
#C89E72,"Blue,Brown,Red,Green,Orange",Light Brown
#C89E72,"Blue,Brown,Red,Green,Orange",Light Brown
#C99F73,"Blue,Brown,Red,Green,Orange",Light Brown
#C99F73,"Blue,Brown,Red,Green,Orange",Light Brown
#C99F73,"Blue,Brown,Red,Green,Orange",Light Brown
#CAA074,"Blue,Brown,Red,Green,Orange",Light Brown
#CAA074,"Blue,Brown,Red,Green,Orange",Light Brown
#CAA074,"Blue,Brown,Red,Green,Orange",Light Brown
#CBA175,"Blue,Brown,Red,Green,Orange",Light Brown
#CBA175,"Blue,Brown,Red,Green,Orange",Light Brown
#CCA276,"Blue,Brown,Red,Green,Orange",Light Brown
#CCA276,"Blue,Brown,Red,Green,Orange",Light Brown
#CCA276,"Blue,Brown,Red,Green,Orange",Light Brown
#CDA377,"Blue,Brown,Red,Green,Orange",Light Brown
#CDA377,"Blue,Brown,Red,Green,Orange",Light Brown
#CEA478,"Blue,Brown,Red,Green,Orange",Light Brown
#CEA478,"Blue,Brown,Red,Green,Orange",Light Brown
#CEA478,"Blue,Brown,Red,Green,Orange",Light Brown
#CFA579,"Blue,Brown,Red,Green,Orange",Light Brown
#CFA579,"Blue,Brown,Red,Green,Orange",Light Brown
#CFA579,"Blue,Brown,Red,Green,Orange",Light Brown
#D0A67A,"Blue,Brown,Red,Green,Orange",Light Brown
#D0A67A,"Blue,Brown,Red,Green,Orange",Light Brown
#D1A77B,"Blue,Brown,Red,Green,Orange",Light Brown
#D1A77B,"Blue,Brown,Red,Green,Orange",Light Brown
#D1A77B,"Blue,Brown,Red,Green,Orange",Light Brown
#D2A87C,"Blue,Brown,Red,Green,Orange",Light Brown
#D2A87C,"Blue,Brown,Red,Green,Orange",Light Brown
#D3A97D,"Blue,Brown,Red,Green,Orange",Light Brown
#D3A97D,"Blue,Brown,Red,Green,Orange",Light Brown
#D3A97D,"Blue,Brown,Red,Green,Orange",Light Brown
#D4AA7E,"Blue,Brown,Red,Green,Orange",Light Brown
#D4AA7E,"Blue,Brown,Red,Green,Orange",Light Brown
#D4AA7E,"Blue,Brown,Red,Green,Orange",Light Brown
#D5AB7F,"Blue,Brown,Red,Green,Orange",Light Brown
#D5AB7F,"Blue,Brown,Red,Green,Orange",Light Brown
#D6AC80,"Blue,Brown,Red,Green,Orange",Light Brown
#D6AC80,"Blue,Brown,Red,Green,Orange",Light Brown
#D6AC80,"Blue,Brown,Red,Green,Orange",Light Brown
#D7AD81,"Blue,Brown,Red,Green,Orange",Light Brown
#D7AD81,"Blue,Brown,Red,Green,Orange",Light Brown
#D7AD81,"Blue,Brown,Red,Green,Orange",Light Brown
#D8AE82,"Blue,Brown,Red,Green,Orange",Light Brown
#D8AE82,"Blue,Brown,Red,Green,Orange",Light Brown
#D9AF83,"Blue,Brown,Red,Green,Orange",Light Brown
#D9AF83,"Blue,Brown,Red,Green,Orange",Light Brown
#D9AF83,"Blue,Brown,Red,Green,Orange",Light Brown
#DAB084,"Blue,Brown,Red,Green,Orange",Light Brown
#DAB084,"Blue,Brown,Red,Green,Orange",Light Brown
#DBB185,"Blue,Brown,Red,Green,Orange",Light Brown
#DBB185,"Blue,Brown,Red,Green,Orange",Light Brown
#DBB185,"Blue,Brown,Red,Green,Orange",Light Brown
#DCB286,"Blue,Brown,Red,Green,Orange",Light Brown
#DCB286,"Blue,Brown,Red,Green,Orange",Light Brown
#DCB286,"Blue,Brown,Red,Green,Orange",Light Brown
#DDB387,"Blue,Brown,Red,Green,Orange",Light Brown
#DDB387,"Blue,Brown,Red,Green,Orange",Light Brown
#DEB488,"Blue,Brown,Red,Green,Orange",Light Brown
#DEB488,"Blue,Brown,Red,Green,Orange",Light Brown
#DEB488,"Blue,Brown,Red,Green,Orange",Light Brown
#DFB589,"Blue,Brown,Red,Green,Orange",Light Brown
#DFB589,"Blue,Brown,Red,Green,Orange",Light Brown
#E0B68A,"Blue,Brown,Red,Green,Orange",Light Brown
#4B3932,"Red,Orange,Purple,Green,Blue",Black Brown
#4B3932,"Red,Orange,Purple,Green,Blue",Black Brown
#4C3932,"Red,Orange,Purple,Green,Blue",Black Brown
#4C3A32,"Red,Orange,Purple,Green,Blue",Black Brown
#4D3A32,"Red,Orange,Purple,Green,Blue",Black Brown
#4E3A33,"Red,Orange,Purple,Green,Blue",Black Brown
#4E3B33,"Red,Orange,Purple,Green,Blue",Black Brown
#4F3B33,"Red,Orange,Purple,Green,Blue",Black Brown
#4F3C33,"Red,Orange,Purple,Green,Blue",Black Brown
#503C33,"Red,Orange,Purple,Green,Blue",Black Brown
#513C34,"Red,Orange,Purple,Green,Blue",Black Brown
#513D34,"Red,Orange,Purple,Green,Blue",Black Brown
#523D34,"Red,Orange,Purple,Green,Blue",Black Brown
#523D34,"Red,Orange,Purple,Green,Blue",Black Brown
#533E34,"Red,Orange,Purple,Green,Blue",Black Brown
#543E35,"Red,Orange,Purple,Green,Blue",Black Brown
#543F35,"Red,Orange,Purple,Green,Blue",Black Brown
#553F35,"Red,Orange,Purple,Green,Blue",Black Brown
#563F35,"Red,Orange,Purple,Green,Blue",Black Brown
#564036,"Red,Orange,Purple,Green,Blue",Black Brown
#574036,"Red,Orange,Purple,Green,Blue",Black Brown
#574036,"Red,Orange,Purple,Green,Blue",Black Brown
#584136,"Red,Orange,Purple,Green,Blue",Black Brown
#594136,"Red,Orange,Purple,Green,Blue",Black Brown
#594237,"Red,Orange,Purple,Green,Blue",Black Brown
#5A4237,"Red,Orange,Purple,Green,Blue",Black Brown
#5A4237,"Red,Orange,Purple,Green,Blue",Black Brown
#5B4337,"Red,Orange,Purple,Green,Blue",Black Brown
#5C4337,"Red,Orange,Purple,Green,Blue",Black Brown
#5C4338,"Red,Orange,Purple,Green,Blue",Black Brown
#5D4438,"Red,Orange,Purple,Green,Blue",Black Brown
#5E4438,"Red,Orange,Purple,Green,Blue",Black Brown
#5E4538,"Red,Orange,Purple,Green,Blue",Black Brown
#5F4538,"Red,Orange,Purple,Green,Blue",Black Brown
#5F4539,"Red,Orange,Purple,Green,Blue",Black Brown
#604639,"Red,Orange,Purple,Green,Blue",Black Brown
#614639,"Red,Orange,Purple,Green,Blue",Black Brown
#614639,"Red,Orange,Purple,Green,Blue",Black Brown
#62473A,"Red,Orange,Purple,Green,Blue",Black Brown
#62473A,"Red,Orange,Purple,Green,Blue",Black Brown
#63483A,"Red,Orange,Purple,Green,Blue",Black Brown
#64483A,"Red,Orange,Purple,Green,Blue",Black Brown
#64483A,"Red,Orange,Purple,Green,Blue",Black Brown
#65493B,"Red,Orange,Purple,Green,Blue",Black Brown
#65493B,"Red,Orange,Purple,Green,Blue",Black Brown
#66493B,"Red,Orange,Purple,Green,Blue",Black Brown
#674A3B,"Red,Orange,Purple,Green,Blue",Black Brown
#674A3B,"Red,Orange,Purple,Green,Blue",Black Brown
#684B3C,"Red,Orange,Purple,Green,Blue",Black Brown
#694B3C,"Red,Orange,Purple,Green,Blue",Black Brown
#694B3C,"Red,Orange,Purple,Green,Blue",Black Brown
#6A4C3C,"Red,Orange,Purple,Green,Blue",Black Brown
#6A4C3C,"Red,Orange,Purple,Green,Blue",Black Brown
#6B4C3D,"Red,Orange,Purple,Green,Blue",Black Brown
#6C4D3D,"Red,Orange,Purple,Green,Blue",Black Brown
#6C4D3D,"Red,Orange,Purple,Green,Blue",Black Brown
#6D4E3D,"Red,Orange,Purple,Green,Blue",Black Brown
#6D4E3E,"Red,Orange,Purple,Green,Blue",Black Brown
#6E4E3E,"Red,Orange,Purple,Green,Blue",Black Brown
#6F4F3E,"Red,Orange,Purple,Green,Blue",Black Brown
#6F4F3E,"Red,Orange,Purple,Green,Blue",Black Brown
#704F3E,"Red,Orange,Purple,Green,Blue",Black Brown
#71503F,"Red,Orange,Purple,Green,Blue",Black Brown
#71503F,"Red,Orange,Purple,Green,Blue",Black Brown
#72513F,"Red,Orange,Purple,Green,Blue",Black Brown
#72513F,"Red,Orange,Purple,Green,Blue",Black Brown
#73513F,"Red,Orange,Purple,Green,Blue",Black Brown
#745240,"Red,Orange,Purple,Green,Blue",Black Brown
#745240,"Red,Orange,Purple,Green,Blue",Black Brown
#755340,"Red,Orange,Purple,Green,Blue",Black Brown
#755340,"Red,Orange,Purple,Green,Blue",Black Brown
#765340,"Red,Orange,Purple,Green,Blue",Black Brown
#775441,"Red,Orange,Purple,Green,Blue",Black Brown
#775441,"Red,Orange,Purple,Green,Blue",Black Brown
#785441,"Red,Orange,Purple,Green,Blue",Black Brown
#785541,"Red,Orange,Purple,Green,Blue",Black Brown
#795542,"Red,Orange,Purple,Green,Blue",Black Brown
#7A5642,"Red,Orange,Purple,Green,Blue",Black Brown
#7A5642,"Red,Orange,Purple,Green,Blue",Black Brown
#7B5642,"Red,Orange,Purple,Green,Blue",Black Brown
#7C5742,"Red,Orange,Purple,Green,Blue",Black Brown
#7C5743,"Red,Orange,Purple,Green,Blue",Black Brown
#7D5743,"Red,Orange,Purple,Green,Blue",Black Brown
#7D5843,"Red,Orange,Purple,Green,Blue",Black Brown
#7E5843,"Red,Orange,Purple,Green,Blue",Black Brown
#7F5943,"Red,Orange,Purple,Green,Blue",Black Brown
#7F5944,"Red,Orange,Purple,Green,Blue",Black Brown
#805944,"Red,Orange,Purple,Green,Blue",Black Brown
#805A44,"Red,Orange,Purple,Green,Blue",Black Brown
#815A44,"Red,Orange,Purple,Green,Blue",Black Brown
#825A44,"Red,Orange,Purple,Green,Blue",Black Brown
#825B45,"Red,Orange,Purple,Green,Blue",Black Brown
#835B45,"Red,Orange,Purple,Green,Blue",Black Brown
#845C45,"Red,Orange,Purple,Green,Blue",Black Brown
#845C45,"Red,Orange,Purple,Green,Blue",Black Brown
#855C46,"Red,Orange,Purple,Green,Blue",Black Brown
#855D46,"Red,Orange,Purple,Green,Blue",Black Brown
#865D46,"Red,Orange,Purple,Green,Blue",Black Brown
#875D46,"Red,Orange,Purple,Green,Blue",Black Brown
#875E46,"Red,Orange,Purple,Green,Blue",Black Brown
#885E47,"Red,Orange,Purple,Green,Blue",Black Brown
#885F47,"Red,Orange,Purple,Green,Blue",Black Brown
#895F47,"Red,Orange,Purple,Green,Blue",Black Brown
#8A5F47,"Red,Orange,Purple,Green,Blue",Black Brown
#8A6047,"Red,Orange,Purple,Green,Blue",Black Brown
#8B6048,"Red,Orange,Purple,Green,Blue",Black Brown
#8B6048,"Red,Orange,Purple,Green,Blue",Black Brown
#8C6148,"Red,Orange,Purple,Green,Blue",Black Brown
#8D6148,"Red,Orange,Purple,Green,Blue",Black Brown
#8D6249,"Red,Orange,Purple,Green,Blue",Black Brown
#8E6249,"Red,Orange,Purple,Green,Blue",Black Brown
#8F6249,"Red,Orange,Purple,Green,Blue",Black Brown
#8F6349,"Red,Orange,Purple,Green,Blue",Black Brown
#906349,"Red,Orange,Purple,Green,Blue",Black Brown
#90634A,"Red,Orange,Purple,Green,Blue",Black Brown
#91644A,"Red,Orange,Purple,Green,Blue",Black Brown
#92644A,"Red,Orange,Purple,Green,Blue",Black Brown
#92654A,"Red,Orange,Purple,Green,Blue",Black Brown
#93654A,"Red,Orange,Purple,Green,Blue",Black Brown
#93654B,"Red,Orange,Purple,Green,Blue",Black Brown
#94664B,"Red,Orange,Purple,Green,Blue",Black Brown
#95664B,"Red,Orange,Purple,Green,Blue",Black Brown
#95664B,"Red,Orange,Purple,Green,Blue",Black Brown
#96674B,"Red,Orange,Purple,Green,Blue",Black Brown
#97674C,"Red,Orange,Purple,Green,Blue",Black Brown
#97684C,"Red,Orange,Purple,Green,Blue",Black Brown
#98684C,"Red,Orange,Purple,Green,Blue",Black Brown
#98684C,"Red,Orange,Purple,Green,Blue",Black Brown
#99694D,"Red,Orange,Purple,Green,Blue",Black Brown
#9A694D,"Red,Orange,Purple,Green,Blue",Black Brown
#9A694D,"Red,Orange,Purple,Green,Blue",Black Brown
#9B6A4D,"Red,Orange,Purple,Green,Blue",Black Brown
#9B6A4D,"Red,Orange,Purple,Green,Blue",Black Brown
#9C6B4E,"Red,Orange,Purple,Green,Blue",Black Brown
#9D6B4E,"Red,Orange,Purple,Green,Blue",Black Brown
#9D6B4E,"Red,Orange,Purple,Green,Blue",Black Brown
#9E6C4E,"Red,Orange,Purple,Green,Blue",Black Brown
#9E6C4E,"Red,Orange,Purple,Green,Blue",Black Brown
#9F6D4F,"Red,Orange,Purple,Green,Blue",Black Brown
#A06D4F,"Red,Orange,Purple,Green,Blue",Black Brown
#A06D4F,"Red,Orange,Purple,Green,Blue",Black Brown
#A16E4F,"Red,Orange,Purple,Green,Blue",Black Brown
#A26E4F,"Red,Orange,Purple,Green,Blue",Black Brown
#A26E50,"Red,Orange,Purple,Green,Blue",Black Brown
#A36F50,"Red,Orange,Purple,Green,Blue",Black Brown
#A36F50,"Red,Orange,Purple,Green,Blue",Black Brown
#A47050,"Red,Orange,Purple,Green,Blue",Black Brown
#A57051,"Red,Orange,Purple,Green,Blue",Black Brown
#A57051,"Red,Orange,Purple,Green,Blue",Black Brown
#A67151,"Red,Orange,Purple,Green,Blue",Black Brown
#A67151,"Red,Orange,Purple,Green,Blue",Black Brown
#A77151,"Red,Orange,Purple,Green,Blue",Black Brown
#A87252,"Red,Orange,Purple,Green,Blue",Black Brown
#A87252,"Red,Orange,Purple,Green,Blue",Black Brown
#A97352,"Red,Orange,Purple,Green,Blue",Black Brown
#AA7352,"Red,Orange,Purple,Green,Blue",Black Brown
#AA7352,"Red,Orange,Purple,Green,Blue",Black Brown
#AB7453,"Red,Orange,Purple,Green,Blue",Black Brown
#AB7453,"Red,Orange,Purple,Green,Blue",Black Brown
#AC7453,"Red,Orange,Purple,Green,Blue",Black Brown
#AD7553,"Red,Orange,Purple,Green,Blue",Black Brown
#AD7553,"Red,Orange,Purple,Green,Blue",Black Brown
#AE7654,"Red,Orange,Purple,Green,Blue",Black Brown
#AE7654,"Red,Orange,Purple,Green,Blue",Black Brown
#AF7654,"Red,Orange,Purple,Green,Blue",Black Brown
#B07754,"Red,Orange,Purple,Green,Blue",Black Brown
#B07755,"Red,Orange,Purple,Green,Blue",Black Brown
#B17755,"Red,Orange,Purple,Green,Blue",Black Brown
#B17855,"Red,Orange,Purple,Green,Blue",Black Brown
#B27855,"Red,Orange,Purple,Green,Blue",Black Brown
#B37955,"Red,Orange,Purple,Green,Blue",Black Brown
#B37956,"Red,Orange,Purple,Green,Blue",Black Brown
#B47956,"Red,Orange,Purple,Green,Blue",Black Brown
#B57A56,"Red,Orange,Purple,Green,Blue",Black Brown
#B57A56,"Red,Orange,Purple,Green,Blue",Black Brown
#B67A56,"Red,Orange,Purple,Green,Blue",Black Brown
#B67B57,"Red,Orange,Purple,Green,Blue",Black Brown
#B77B57,"Red,Orange,Purple,Green,Blue",Black Brown
#B87C57,"Red,Orange,Purple,Green,Blue",Black Brown
#B87C57,"Red,Orange,Purple,Green,Blue",Black Brown
#B97C57,"Red,Orange,Purple,Green,Blue",Black Brown
#B97D58,"Red,Orange,Purple,Green,Blue",Black Brown
#BA7D58,"Red,Orange,Purple,Green,Blue",Black Brown
#BB7D58,"Red,Orange,Purple,Green,Blue",Black Brown
#BB7E58,"Red,Orange,Purple,Green,Blue",Black Brown
#BC7E59,"Red,Orange,Purple,Green,Blue",Black Brown
#BD7F59,"Red,Orange,Purple,Green,Blue",Black Brown
#BD7F59,"Red,Orange,Purple,Green,Blue",Black Brown
#BE7F59,"Red,Orange,Purple,Green,Blue",Black Brown
#BE8059,"Red,Orange,Purple,Green,Blue",Black Brown
#BF805A,"Red,Orange,Purple,Green,Blue",Black Brown
#C0805A,"Red,Orange,Purple,Green,Blue",Black Brown
#C0815A,"Red,Orange,Purple,Green,Blue",Black Brown
#C1815A,"Red,Orange,Purple,Green,Blue",Black Brown
#C1825A,"Red,Orange,Purple,Green,Blue",Black Brown
#C2825B,"Red,Orange,Purple,Green,Blue",Black Brown
#C3825B,"Red,Orange,Purple,Green,Blue",Black Brown
#C3835B,"Red,Orange,Purple,Green,Blue",Black Brown
#C4835B,"Red,Orange,Purple,Green,Blue",Black Brown
#C5845C,"Red,Orange,Purple,Green,Blue",Black Brown
#FFE5C8,"Blue,Brown,Red,Green,Orange",Olive
#FEE4C7,"Blue,Brown,Red,Green,Orange",Olive
#FEE4C7,"Blue,Brown,Red,Green,Orange",Olive
#FEE4C7,"Blue,Brown,Red,Green,Orange",Olive
#FEE4C7,"Blue,Brown,Red,Green,Orange",Olive
#FEE3C6,"Blue,Brown,Red,Green,Orange",Olive
#FEE3C6,"Blue,Brown,Red,Green,Orange",Olive
#FEE3C6,"Blue,Brown,Red,Green,Orange",Olive
#FEE3C6,"Blue,Brown,Red,Green,Orange",Olive
#FEE2C6,"Blue,Brown,Red,Green,Orange",Olive
#FEE2C5,"Blue,Brown,Red,Green,Orange",Olive
#FEE2C5,"Blue,Brown,Red,Green,Orange",Olive
#FEE2C5,"Blue,Brown,Red,Green,Orange",Olive
#FEE2C5,"Blue,Brown,Red,Green,Orange",Olive
#FDE1C5,"Blue,Brown,Red,Green,Orange",Olive
#FDE1C4,"Blue,Brown,Red,Green,Orange",Olive
#FDE1C4,"Blue,Brown,Red,Green,Orange",Olive
#FDE1C4,"Blue,Brown,Red,Green,Orange",Olive
#FDE0C4,"Blue,Brown,Red,Green,Orange",Olive
#FDE0C4,"Blue,Brown,Red,Green,Orange",Olive
#FDE0C3,"Blue,Brown,Red,Green,Orange",Olive
#FDE0C3,"Blue,Brown,Red,Green,Orange",Olive
#FDE0C3,"Blue,Brown,Red,Green,Orange",Olive
#FDDFC3,"Blue,Brown,Red,Green,Orange",Olive
#FDDFC3,"Blue,Brown,Red,Green,Orange",Olive
#FDDFC2,"Blue,Brown,Red,Green,Orange",Olive
#FDDFC2,"Blue,Brown,Red,Green,Orange",Olive
#FCDEC2,"Blue,Brown,Red,Green,Orange",Olive
#FCDEC2,"Blue,Brown,Red,Green,Orange",Olive
#FCDEC2,"Blue,Brown,Red,Green,Orange",Olive
#FCDEC1,"Blue,Brown,Red,Green,Orange",Olive
#FCDDC1,"Blue,Brown,Red,Green,Orange",Olive
#FCDDC1,"Blue,Brown,Red,Green,Orange",Olive
#FCDDC1,"Blue,Brown,Red,Green,Orange",Olive
#FCDDC1,"Blue,Brown,Red,Green,Orange",Olive
#FCDDC0,"Blue,Brown,Red,Green,Orange",Olive
#FCDCC0,"Blue,Brown,Red,Green,Orange",Olive
#FCDCC0,"Blue,Brown,Red,Green,Orange",Olive
#FCDCC0,"Blue,Brown,Red,Green,Orange",Olive
#FCDCC0,"Blue,Brown,Red,Green,Orange",Olive
#FBDBBF,"Blue,Brown,Red,Green,Orange",Olive
#FBDBBF,"Blue,Brown,Red,Green,Orange",Olive
#FBDBBF,"Blue,Brown,Red,Green,Orange",Olive
#FBDBBF,"Blue,Brown,Red,Green,Orange",Olive
#FBDBBF,"Blue,Brown,Red,Green,Orange",Olive
#FBDABE,"Blue,Brown,Red,Green,Orange",Olive
#FBDABE,"Blue,Brown,Red,Green,Orange",Olive
#FBDABE,"Blue,Brown,Red,Green,Orange",Olive
#FBDABE,"Blue,Brown,Red,Green,Orange",Olive
#FBD9BE,"Blue,Brown,Red,Green,Orange",Olive
#FBD9BD,"Blue,Brown,Red,Green,Orange",Olive
#FBD9BD,"Blue,Brown,Red,Green,Orange",Olive
#FBD9BD,"Blue,Brown,Red,Green,Orange",Olive
#FBD9BD,"Blue,Brown,Red,Green,Orange",Olive
#FAD8BD,"Blue,Brown,Red,Green,Orange",Olive
#FAD8BC,"Blue,Brown,Red,Green,Orange",Olive
#FAD8BC,"Blue,Brown,Red,Green,Orange",Olive
#FAD8BC,"Blue,Brown,Red,Green,Orange",Olive
#FAD7BC,"Blue,Brown,Red,Green,Orange",Olive
#FAD7BC,"Blue,Brown,Red,Green,Orange",Olive
#FAD7BB,"Blue,Brown,Red,Green,Orange",Olive
#FAD7BB,"Blue,Brown,Red,Green,Orange",Olive
#FAD6BB,"Blue,Brown,Red,Green,Orange",Olive
#FAD6BB,"Blue,Brown,Red,Green,Orange",Olive
#FAD6BB,"Blue,Brown,Red,Green,Orange",Olive
#FAD6BA,"Blue,Brown,Red,Green,Orange",Olive
#FAD6BA,"Blue,Brown,Red,Green,Orange",Olive
#F9D5BA,"Blue,Brown,Red,Green,Orange",Olive
#F9D5BA,"Blue,Brown,Red,Green,Orange",Olive
#F9D5BA,"Blue,Brown,Red,Green,Orange",Olive
#F9D5B9,"Blue,Brown,Red,Green,Orange",Olive
#F9D4B9,"Blue,Brown,Red,Green,Orange",Olive
#F9D4B9,"Blue,Brown,Red,Green,Orange",Olive
#F9D4B9,"Blue,Brown,Red,Green,Orange",Olive
#F9D4B9,"Blue,Brown,Red,Green,Orange",Olive
#F9D4B8,"Blue,Brown,Red,Green,Orange",Olive
#F9D3B8,"Blue,Brown,Red,Green,Orange",Olive
#F9D3B8,"Blue,Brown,Red,Green,Orange",Olive
#F9D3B8,"Blue,Brown,Red,Green,Orange",Olive
#F9D3B8,"Blue,Brown,Red,Green,Orange",Olive
#F8D2B7,"Blue,Brown,Red,Green,Orange",Olive
#F8D2B7,"Blue,Brown,Red,Green,Orange",Olive
#F8D2B7,"Blue,Brown,Red,Green,Orange",Olive
#F8D2B7,"Blue,Brown,Red,Green,Orange",Olive
#F8D2B7,"Blue,Brown,Red,Green,Orange",Olive
#F8D1B6,"Blue,Brown,Red,Green,Orange",Olive
#F8D1B6,"Blue,Brown,Red,Green,Orange",Olive
#F8D1B6,"Blue,Brown,Red,Green,Orange",Olive
#F8D1B6,"Blue,Brown,Red,Green,Orange",Olive
#F8D0B6,"Blue,Brown,Red,Green,Orange",Olive
#F8D0B5,"Blue,Brown,Red,Green,Orange",Olive
#F8D0B5,"Blue,Brown,Red,Green,Orange",Olive
#F8D0B5,"Blue,Brown,Red,Green,Orange",Olive
#F7CFB5,"Blue,Brown,Red,Green,Orange",Olive
#F7CFB5,"Blue,Brown,Red,Green,Orange",Olive
#F7CFB4,"Blue,Brown,Red,Green,Orange",Olive
#F7CFB4,"Blue,Brown,Red,Green,Orange",Olive
#F7CFB4,"Blue,Brown,Red,Green,Orange",Olive
#F7CEB4,"Blue,Brown,Red,Green,Orange",Olive
#F7CEB4,"Blue,Brown,Red,Green,Orange",Olive
#F7CEB3,"Blue,Brown,Red,Green,Orange",Olive
#F7CEB3,"Blue,Brown,Red,Green,Orange",Olive
#F7CDB3,"Blue,Brown,Red,Green,Orange",Olive
#F7CDB3,"Blue,Brown,Red,Green,Orange",Olive
#F7CDB3,"Blue,Brown,Red,Green,Orange",Olive
#F7CDB2,"Blue,Brown,Red,Green,Orange",Olive
#F7CDB2,"Blue,Brown,Red,Green,Orange",Olive
#F6CCB2,"Blue,Brown,Red,Green,Orange",Olive
#F6CCB2,"Blue,Brown,Red,Green,Orange",Olive
#F6CCB2,"Blue,Brown,Red,Green,Orange",Olive
#F6CCB1,"Blue,Brown,Red,Green,Orange",Olive
#F6CBB1,"Blue,Brown,Red,Green,Orange",Olive
#F6CBB1,"Blue,Brown,Red,Green,Orange",Olive
#F6CBB1,"Blue,Brown,Red,Green,Orange",Olive
#F6CBB1,"Blue,Brown,Red,Green,Orange",Olive
#F6CAB0,"Blue,Brown,Red,Green,Orange",Olive
#F6CAB0,"Blue,Brown,Red,Green,Orange",Olive
#F6CAB0,"Blue,Brown,Red,Green,Orange",Olive
#F6CAB0,"Blue,Brown,Red,Green,Orange",Olive
#F6CAB0,"Blue,Brown,Red,Green,Orange",Olive
#F5C9AF,"Blue,Brown,Red,Green,Orange",Olive
#F5C9AF,"Blue,Brown,Red,Green,Orange",Olive
#F5C9AF,"Blue,Brown,Red,Green,Orange",Olive
#F5C9AF,"Blue,Brown,Red,Green,Orange",Olive
#F5C8AF,"Blue,Brown,Red,Green,Orange",Olive
#F5C8AE,"Blue,Brown,Red,Green,Orange",Olive
#F5C8AE,"Blue,Brown,Red,Green,Orange",Olive
#F5C8AE,"Blue,Brown,Red,Green,Orange",Olive
#F5C8AE,"Blue,Brown,Red,Green,Orange",Olive
#F5C7AE,"Blue,Brown,Red,Green,Orange",Olive
#F5C7AD,"Blue,Brown,Red,Green,Orange",Olive
#F5C7AD,"Blue,Brown,Red,Green,Orange",Olive
#F5C7AD,"Blue,Brown,Red,Green,Orange",Olive
#F4C6AD,"Blue,Brown,Red,Green,Orange",Olive
#F4C6AD,"Blue,Brown,Red,Green,Orange",Olive
#F4C6AC,"Blue,Brown,Red,Green,Orange",Olive
#F4C6AC,"Blue,Brown,Red,Green,Orange",Olive
#F4C6AC,"Blue,Brown,Red,Green,Orange",Olive
#F4C5AC,"Blue,Brown,Red,Green,Orange",Olive
#F4C5AC,"Blue,Brown,Red,Green,Orange",Olive
#F4C5AB,"Blue,Brown,Red,Green,Orange",Olive
#F4C5AB,"Blue,Brown,Red,Green,Orange",Olive
#F4C4AB,"Blue,Brown,Red,Green,Orange",Olive
#F4C4AB,"Blue,Brown,Red,Green,Orange",Olive
#F4C4AB,"Blue,Brown,Red,Green,Orange",Olive
#F4C4AA,"Blue,Brown,Red,Green,Orange",Olive
#F3C3AA,"Blue,Brown,Red,Green,Orange",Olive
#F3C3AA,"Blue,Brown,Red,Green,Orange",Olive
#F3C3AA,"Blue,Brown,Red,Green,Orange",Olive
#F3C3AA,"Blue,Brown,Red,Green,Orange",Olive
#F3C3A9,"Blue,Brown,Red,Green,Orange",Olive
#F3C2A9,"Blue,Brown,Red,Green,Orange",Olive
#F3C2A9,"Blue,Brown,Red,Green,Orange",Olive
#F3C2A9,"Blue,Brown,Red,Green,Orange",Olive
#F3C2A9,"Blue,Brown,Red,Green,Orange",Olive
#F3C1A8,"Blue,Brown,Red,Green,Orange",Olive
#F3C1A8,"Blue,Brown,Red,Green,Orange",Olive
#F3C1A8,"Blue,Brown,Red,Green,Orange",Olive
#F3C1A8,"Blue,Brown,Red,Green,Orange",Olive
#F3C1A8,"Blue,Brown,Red,Green,Orange",Olive
#F2C0A7,"Blue,Brown,Red,Green,Orange",Olive
#F2C0A7,"Blue,Brown,Red,Green,Orange",Olive
#F2C0A7,"Blue,Brown,Red,Green,Orange",Olive
#F2C0A7,"Blue,Brown,Red,Green,Orange",Olive
#F2BFA7,"Blue,Brown,Red,Green,Orange",Olive
#F2BFA6,"Blue,Brown,Red,Green,Orange",Olive
#F2BFA6,"Blue,Brown,Red,Green,Orange",Olive
#F2BFA6,"Blue,Brown,Red,Green,Orange",Olive
#F2BFA6,"Blue,Brown,Red,Green,Orange",Olive
#F2BEA6,"Blue,Brown,Red,Green,Orange",Olive
#F2BEA5,"Blue,Brown,Red,Green,Orange",Olive
#F2BEA5,"Blue,Brown,Red,Green,Orange",Olive
#F2BEA5,"Blue,Brown,Red,Green,Orange",Olive
#F1BDA5,"Blue,Brown,Red,Green,Orange",Olive
#F1BDA5,"Blue,Brown,Red,Green,Orange",Olive
#F1BDA4,"Blue,Brown,Red,Green,Orange",Olive
#F1BDA4,"Blue,Brown,Red,Green,Orange",Olive
#F1BCA4,"Blue,Brown,Red,Green,Orange",Olive
#F1BCA4,"Blue,Brown,Red,Green,Orange",Olive
#F1BCA4,"Blue,Brown,Red,Green,Orange",Olive
#F1BCA3,"Blue,Brown,Red,Green,Orange",Olive
#F1BCA3,"Blue,Brown,Red,Green,Orange",Olive
#F1BBA3,"Blue,Brown,Red,Green,Orange",Olive
#F1BBA3,"Blue,Brown,Red,Green,Orange",Olive
#F1BBA3,"Blue,Brown,Red,Green,Orange",Olive
#F1BBA2,"Blue,Brown,Red,Green,Orange",Olive
#F0BAA2,"Blue,Brown,Red,Green,Orange",Olive
#F0BAA2,"Blue,Brown,Red,Green,Orange",Olive
#F0BAA2,"Blue,Brown,Red,Green,Orange",Olive
#F0BAA2,"Blue,Brown,Red,Green,Orange",Olive
#F0BAA1,"Blue,Brown,Red,Green,Orange",Olive
#F0B9A1,"Blue,Brown,Red,Green,Orange",Olive
#F0B9A1,"Blue,Brown,Red,Green,Orange",Olive
#F0B9A1,"Blue,Brown,Red,Green,Orange",Olive
#F0B9A1,"Blue,Brown,Red,Green,Orange",Olive
#F0B8A0,"Blue,Brown,Red,Green,Orange",Olive
#F0B8A0,"Blue,Brown,Red,Green,Orange",Olive
#F0B8A0,"Blue,Brown,Red,Green,Orange",Olive
#F0B8A0,"Blue,Brown,Red,Green,Orange",Olive
#F0B8A0,"Blue,Brown,Red,Green,Orange",Olive
#967264,"Red,Orange,Purple,Green,Blue",Brown
#957163,"Red,Orange,Purple,Green,Blue",Brown
#957163,"Red,Orange,Purple,Green,Blue",Brown
#957163,"Red,Orange,Purple,Green,Blue",Brown
#957163,"Red,Orange,Purple,Green,Blue",Brown
#947163,"Red,Orange,Purple,Green,Blue",Brown
#947063,"Red,Orange,Purple,Green,Blue",Brown
#947062,"Red,Orange,Purple,Green,Blue",Brown
#947062,"Red,Orange,Purple,Green,Blue",Brown
#937062,"Red,Orange,Purple,Green,Blue",Brown
#937062,"Red,Orange,Purple,Green,Blue",Brown
#937062,"Red,Orange,Purple,Green,Blue",Brown
#936F62,"Red,Orange,Purple,Green,Blue",Brown
#926F61,"Red,Orange,Purple,Green,Blue",Brown
#926F61,"Red,Orange,Purple,Green,Blue",Brown
#926F61,"Red,Orange,Purple,Green,Blue",Brown
#926F61,"Red,Orange,Purple,Green,Blue",Brown
#916E61,"Red,Orange,Purple,Green,Blue",Brown
#916E61,"Red,Orange,Purple,Green,Blue",Brown
#916E60,"Red,Orange,Purple,Green,Blue",Brown
#916E60,"Red,Orange,Purple,Green,Blue",Brown
#906E60,"Red,Orange,Purple,Green,Blue",Brown
#906E60,"Red,Orange,Purple,Green,Blue",Brown
#906D60,"Red,Orange,Purple,Green,Blue",Brown
#906D60,"Red,Orange,Purple,Green,Blue",Brown
#8F6D5F,"Red,Orange,Purple,Green,Blue",Brown
#8F6D5F,"Red,Orange,Purple,Green,Blue",Brown
#8F6D5F,"Red,Orange,Purple,Green,Blue",Brown
#8F6C5F,"Red,Orange,Purple,Green,Blue",Brown
#8F6C5F,"Red,Orange,Purple,Green,Blue",Brown
#8E6C5F,"Red,Orange,Purple,Green,Blue",Brown
#8E6C5F,"Red,Orange,Purple,Green,Blue",Brown
#8E6C5E,"Red,Orange,Purple,Green,Blue",Brown
#8E6C5E,"Red,Orange,Purple,Green,Blue",Black Brown
#8D6B5E,"Red,Orange,Purple,Green,Blue",Black Brown
#8D6B5E,"Red,Orange,Purple,Green,Blue",Black Brown
#8D6B5E,"Red,Orange,Purple,Green,Blue",Black Brown
#8D6B5E,"Red,Orange,Purple,Green,Blue",Black Brown
#8C6B5D,"Red,Orange,Purple,Green,Blue",Black Brown
#8C6A5D,"Red,Orange,Purple,Green,Blue",Black Brown
#8C6A5D,"Red,Orange,Purple,Green,Blue",Black Brown
#8C6A5D,"Red,Orange,Purple,Green,Blue",Black Brown
#8B6A5D,"Red,Orange,Purple,Green,Blue",Black Brown
#8B6A5D,"Red,Orange,Purple,Green,Blue",Black Brown
#8B6A5C,"Red,Orange,Purple,Green,Blue",Black Brown
#8B695C,"Red,Orange,Purple,Green,Blue",Black Brown
#8A695C,"Red,Orange,Purple,Green,Blue",Black Brown
#8A695C,"Red,Orange,Purple,Green,Blue",Black Brown
#8A695C,"Red,Orange,Purple,Green,Blue",Black Brown
#8A695C,"Red,Orange,Purple,Green,Blue",Black Brown
#89685B,"Red,Orange,Purple,Green,Blue",Black Brown
#89685B,"Red,Orange,Purple,Green,Blue",Black Brown
#89685B,"Red,Orange,Purple,Green,Blue",Black Brown
#89685B,"Red,Orange,Purple,Green,Blue",Black Brown
#88685B,"Red,Orange,Purple,Green,Blue",Black Brown
#88685B,"Red,Orange,Purple,Green,Blue",Black Brown
#88675B,"Red,Orange,Purple,Green,Blue",Black Brown
#88675A,"Red,Orange,Purple,Green,Blue",Black Brown
#88675A,"Red,Orange,Purple,Green,Blue",Black Brown
#87675A,"Red,Orange,Purple,Green,Blue",Black Brown
#87675A,"Red,Orange,Purple,Green,Blue",Black Brown
#87665A,"Red,Orange,Purple,Green,Blue",Black Brown
#87665A,"Red,Orange,Purple,Green,Blue",Black Brown
#866659,"Red,Orange,Purple,Green,Blue",Black Brown
#866659,"Red,Orange,Purple,Green,Blue",Black Brown
#866659,"Red,Orange,Purple,Green,Blue",Black Brown
#866659,"Red,Orange,Purple,Green,Blue",Black Brown
#856559,"Red,Orange,Purple,Green,Blue",Black Brown
#856559,"Red,Orange,Purple,Green,Blue",Black Brown
#856558,"Red,Orange,Purple,Green,Blue",Black Brown
#856558,"Red,Orange,Purple,Green,Blue",Black Brown
#846558,"Red,Orange,Purple,Green,Blue",Black Brown
#846458,"Red,Orange,Purple,Green,Blue",Black Brown
#846458,"Red,Orange,Purple,Green,Blue",Black Brown
#846458,"Red,Orange,Purple,Green,Blue",Black Brown
#836457,"Red,Orange,Purple,Green,Blue",Black Brown
#836457,"Red,Orange,Purple,Green,Blue",Black Brown
#836457,"Red,Orange,Purple,Green,Blue",Black Brown
#836357,"Red,Orange,Purple,Green,Blue",Black Brown
#826357,"Red,Orange,Purple,Green,Blue",Black Brown
#826357,"Red,Orange,Purple,Green,Blue",Black Brown
#826356,"Red,Orange,Purple,Green,Blue",Black Brown
#826356,"Red,Orange,Purple,Green,Blue",Black Brown
#826356,"Red,Orange,Purple,Green,Blue",Black Brown
#816256,"Red,Orange,Purple,Green,Blue",Black Brown
#816256,"Red,Orange,Purple,Green,Blue",Black Brown
#816256,"Red,Orange,Purple,Green,Blue",Black Brown
#816256,"Red,Orange,Purple,Green,Blue",Black Brown
#806255,"Red,Orange,Purple,Green,Blue",Black Brown
#806155,"Red,Orange,Purple,Green,Blue",Black Brown
#806155,"Red,Orange,Purple,Green,Blue",Black Brown
#806155,"Red,Orange,Purple,Green,Blue",Black Brown
#7F6155,"Red,Orange,Purple,Green,Blue",Black Brown
#7F6155,"Red,Orange,Purple,Green,Blue",Black Brown
#7F6154,"Red,Orange,Purple,Green,Blue",Black Brown
#7F6054,"Red,Orange,Purple,Green,Blue",Black Brown
#7E6054,"Red,Orange,Purple,Green,Blue",Black Brown
#7E6054,"Red,Orange,Purple,Green,Blue",Black Brown
#7E6054,"Red,Orange,Purple,Green,Blue",Black Brown
#7E6054,"Red,Orange,Purple,Green,Blue",Black Brown
#7D5F53,"Red,Orange,Purple,Green,Blue",Black Brown
#7D5F53,"Red,Orange,Purple,Green,Blue",Black Brown
#7D5F53,"Red,Orange,Purple,Green,Blue",Black Brown
#7D5F53,"Red,Orange,Purple,Green,Blue",Black Brown
#7C5F53,"Red,Orange,Purple,Green,Blue",Black Brown
#7C5F53,"Red,Orange,Purple,Green,Blue",Black Brown
#7C5E52,"Red,Orange,Purple,Green,Blue",Black Brown
#7C5E52,"Red,Orange,Purple,Green,Blue",Black Brown
#7B5E52,"Red,Orange,Purple,Green,Blue",Black Brown
#7B5E52,"Red,Orange,Purple,Green,Blue",Black Brown
#7B5E52,"Red,Orange,Purple,Green,Blue",Black Brown
#7B5D52,"Red,Orange,Purple,Green,Blue",Black Brown
#7B5D52,"Red,Orange,Purple,Green,Blue",Black Brown
#7A5D51,"Red,Orange,Purple,Green,Blue",Black Brown
#7A5D51,"Red,Orange,Purple,Green,Blue",Black Brown
#7A5D51,"Red,Orange,Purple,Green,Blue",Black Brown
#7A5D51,"Red,Orange,Purple,Green,Blue",Black Brown
#795C51,"Red,Orange,Purple,Green,Blue",Black Brown
#795C51,"Red,Orange,Purple,Green,Blue",Black Brown
#795C50,"Red,Orange,Purple,Green,Blue",Black Brown
#795C50,"Red,Orange,Purple,Green,Blue",Black Brown
#785C50,"Red,Orange,Purple,Green,Blue",Black Brown
#785B50,"Red,Orange,Purple,Green,Blue",Black Brown
#785B50,"Red,Orange,Purple,Green,Blue",Black Brown
#785B50,"Red,Orange,Purple,Green,Blue",Black Brown
#775B4F,"Red,Orange,Purple,Green,Blue",Black Brown
#775B4F,"Red,Orange,Purple,Green,Blue",Black Brown
#775B4F,"Red,Orange,Purple,Green,Blue",Black Brown
#775A4F,"Red,Orange,Purple,Green,Blue",Black Brown
#765A4F,"Red,Orange,Purple,Green,Blue",Black Brown
#765A4F,"Red,Orange,Purple,Green,Blue",Black Brown
#765A4E,"Red,Orange,Purple,Green,Blue",Black Brown
#765A4E,"Red,Orange,Purple,Green,Blue",Black Brown
#75594E,"Red,Orange,Purple,Green,Blue",Black Brown
#75594E,"Red,Orange,Purple,Green,Blue",Black Brown
#75594E,"Red,Orange,Purple,Green,Blue",Black Brown
#75594E,"Red,Orange,Purple,Green,Blue",Black Brown
#74594D,"Red,Orange,Purple,Green,Blue",Black Brown
#74594D,"Red,Orange,Purple,Green,Blue",Black Brown
#74584D,"Red,Orange,Purple,Green,Blue",Black Brown
#74584D,"Red,Orange,Purple,Green,Blue",Black Brown
#74584D,"Red,Orange,Purple,Green,Blue",Black Brown
#73584D,"Red,Orange,Purple,Green,Blue",Black Brown
#73584D,"Red,Orange,Purple,Green,Blue",Black Brown
#73574C,"Red,Orange,Purple,Green,Blue",Black Brown
#73574C,"Red,Orange,Purple,Green,Blue",Black Brown
#72574C,"Red,Orange,Purple,Green,Blue",Black Brown
#72574C,"Red,Orange,Purple,Green,Blue",Black Brown
#72574C,"Red,Orange,Purple,Green,Blue",Black Brown
#72574C,"Red,Orange,Purple,Green,Blue",Black Brown
#71564B,"Red,Orange,Purple,Green,Blue",Black Brown
#71564B,"Red,Orange,Purple,Green,Blue",Black Brown
#71564B,"Red,Orange,Purple,Green,Blue",Black Brown
#71564B,"Red,Orange,Purple,Green,Blue",Black Brown
#70564B,"Red,Orange,Purple,Green,Blue",Black Brown
#70554B,"Red,Orange,Purple,Green,Blue",Black Brown
#70554A,"Red,Orange,Purple,Green,Blue",Black Brown
#70554A,"Red,Orange,Purple,Green,Blue",Black Brown
#6F554A,"Red,Orange,Purple,Green,Blue",Black Brown
#6F554A,"Red,Orange,Purple,Green,Blue",Black Brown
#6F554A,"Red,Orange,Purple,Green,Blue",Black Brown
#6F544A,"Red,Orange,Purple,Green,Blue",Black Brown
#6E5449,"Red,Orange,Purple,Green,Blue",Black Brown
#6E5449,"Red,Orange,Purple,Green,Blue",Black Brown
#6E5449,"Red,Orange,Purple,Green,Blue",Black Brown
#6E5449,"Red,Orange,Purple,Green,Blue",Black Brown
#6E5449,"Red,Orange,Purple,Green,Blue",Black Brown
#6D5349,"Red,Orange,Purple,Green,Blue",Black Brown
#6D5349,"Red,Orange,Purple,Green,Blue",Black Brown
#6D5348,"Red,Orange,Purple,Green,Blue",Black Brown
#6D5348,"Red,Orange,Purple,Green,Blue",Black Brown
#6C5348,"Red,Orange,Purple,Green,Blue",Black Brown
#6C5248,"Red,Orange,Purple,Green,Blue",Black Brown
#6C5248,"Red,Orange,Purple,Green,Blue",Black Brown
#6C5248,"Red,Orange,Purple,Green,Blue",Black Brown
#6B5247,"Red,Orange,Purple,Green,Blue",Black Brown
#6B5247,"Red,Orange,Purple,Green,Blue",Black Brown
#6B5247,"Red,Orange,Purple,Green,Blue",Black Brown
#6B5147,"Red,Orange,Purple,Green,Blue",Black Brown
#6A5147,"Red,Orange,Purple,Green,Blue",Black Brown
#6A5147,"Red,Orange,Purple,Green,Blue",Black Brown
#6A5146,"Red,Orange,Purple,Green,Blue",Black Brown
#6A5146,"Red,Orange,Purple,Green,Blue",Black Brown
#695046,"Red,Orange,Purple,Green,Blue",Black Brown
#695046,"Red,Orange,Purple,Green,Blue",Black Brown
#695046,"Red,Orange,Purple,Green,Blue",Black Brown
#695046,"Red,Orange,Purple,Green,Blue",Black Brown
#685045,"Red,Orange,Purple,Green,Blue",Black Brown
#685045,"Red,Orange,Purple,Green,Blue",Black Brown
#684F45,"Red,Orange,Purple,Green,Blue",Black Brown
#684F45,"Red,Orange,Purple,Green,Blue",Black Brown
#674F45,"Red,Orange,Purple,Green,Blue",Black Brown
#674F45,"Red,Orange,Purple,Green,Blue",Black Brown
#674F44,"Red,Orange,Purple,Green,Blue",Black Brown
#674E44,"Red,Orange,Purple,Green,Blue",Black Brown
#674E44,"Red,Orange,Purple,Green,Blue",Black Brown
#664E44,"Red,Orange,Purple,Green,Blue",Black Brown
#664E44,"Red,Orange,Purple,Green,Blue",Black Brown
#664E44,"Red,Orange,Purple,Green,Blue",Black Brown
#664E44,"Red,Orange,Purple,Green,Blue",Black Brown
#654D43,"Red,Orange,Purple,Green,Blue",Black Brown
#654D43,"Red,Orange,Purple,Green,Blue",Black Brown
#654D43,"Red,Orange,Purple,Green,Blue",Black Brown
#654D43,"Red,Orange,Purple,Green,Blue",Black Brown
#644D43,"Red,Orange,Purple,Green,Blue",Black Brown
#644C43,"Red,Orange,Purple,Green,Blue",Black Brown
#644C42,"Red,Orange,Purple,Green,Blue",Black Brown
#644C42,"Red,Orange,Purple,Green,Blue",Black Brown
#634C42,"Red,Orange,Purple,Green,Blue",Black Brown
#634C42,"Red,Orange,Purple,Green,Blue",Black Brown
#634C42,"Red,Orange,Purple,Green,Blue",Black Brown
#634B42,"Red,Orange,Purple,Green,Blue",Black Brown
#624B41,"Red,Orange,Purple,Green,Blue",Black Brown
#624B41,"Red,Orange,Purple,Green,Blue",Black Brown
#624B41,"Red,Orange,Purple,Green,Blue",Black Brown
#624B41,"Red,Orange,Purple,Green,Blue",Black Brown
#614A41,"Red,Orange,Purple,Green,Blue",Black Brown
#614A41,"Red,Orange,Purple,Green,Blue",Black Brown
#614A40,"Red,Orange,Purple,Green,Blue",Black Brown
#614A40,"Red,Orange,Purple,Green,Blue",Black Brown
#604A40,"Red,Orange,Purple,Green,Blue",Black Brown
#604A40,"Red,Orange,Purple,Green,Blue",Black Brown
#604940,"Red,Orange,Purple,Green,Blue",Black Brown
#604940,"Red,Orange,Purple,Green,Blue",Black Brown
#604940,"Red,Orange,Purple,Green,Blue",Black Brown
#5F493F,"Red,Orange,Purple,Green,Blue",Black Brown
#5F493F,"Red,Orange,Purple,Green,Blue",Black Brown
#5F483F,"Red,Orange,Purple,Green,Blue",Black Brown
#5F483F,"Red,Orange,Purple,Green,Blue",Black Brown
#5E483F,"Red,Orange,Purple,Green,Blue",Black Brown
#5E483F,"Red,Orange,Purple,Green,Blue",Black Brown
#5E483E,"Red,Orange,Purple,Green,Blue",Black Brown
#5E483E,"Red,Orange,Purple,Green,Blue",Black Brown
#5D473E,"Red,Orange,Purple,Green,Blue",Black Brown
#5D473E,"Red,Orange,Purple,Green,Blue",Black Brown
#5D473E,"Red,Orange,Purple,Green,Blue",Black Brown
#5D473E,"Red,Orange,Purple,Green,Blue",Black Brown
#5C473D,"Red,Orange,Purple,Green,Blue",Black Brown
#5C463D,"Red,Orange,Purple,Green,Blue",Black Brown
#5C463D,"Red,Orange,Purple,Green,Blue",Black Brown
#5C463D,"Red,Orange,Purple,Green,Blue",Black Brown
#5B463D,"Red,Orange,Purple,Green,Blue",Black Brown
#5B463D,"Red,Orange,Purple,Green,Blue",Black Brown
#5B463C,"Red,Orange,Purple,Green,Blue",Black Brown
#5B453C,"Red,Orange,Purple,Green,Blue",Black Brown
#5A453C,"Red,Orange,Purple,Green,Blue",Black Brown
#5A453C,"Red,Orange,Purple,Green,Blue",Black Brown
#5A453C,"Red,Orange,Purple,Green,Blue",Black Brown
#5A453C,"Red,Orange,Purple,Green,Blue",Black Brown
#5A453C,"Red,Orange,Purple,Green,Blue",Black Brown
