Skin_Color_Hex,Matching_Colors,Type
#a57056,"Blue,Brown,Red,Green,Orange",Light Brown
#be9476,"Blue,Brown,Red,Green,Orange",Light Brown
#875d49,"Red,Orange,Purple,Green,Blue",Brown
#74543f,"Red,Orange,Purple,Green,Blue",Brown
#725f5a,"Red,Orange,Purple,Green,Blue",Brown
#d5b4a0,"Purple, Pink, Red, Grey, Green",Olive
#b69886,"Blue,Brown,Red,Green,Orange",Light Brown
#956857,"Red,Orange,Purple,Green,Blue",Light Brown
#a76d4c,"Blue,Brown,Red,Green,Orange",Light Brown
#7c6451,"Red,Orange,Purple,Green,Blue",Brown
#5f3625,"Red,Orange,Purple,Green,Blue",Black Brown
#ac755b,"Red, Orange, Purple, Green, Blue",Light Brown
#ba8e7b,"Red, Orange, Purple, Green, Blue",Light Brown
#b78c79,"Red, Orange, Purple, Green, Blue",Light Brown
#5f4336,"Red,Orange,Purple,Green,Blue",Black Brown
#b8806e,"Red, Orange, Purple, Green, Blue",Light Brown
#9a725a,"Red, Orange, Purple, Green, Blue",Light Brown
#c49781,"Red, Orange, Purple, Green, Blue",Light Brown
#9a7568,"Red, Orange, Purple, Green, Blue",Light Brown
#92634b,"Red,Orange,Purple,Green,Blue",Brown
#b88665,"Blue,Brown,Red,Green,Orange",Light Brown
#8f7367,"Red, Yellow, Orange, Grey, Pink",Brown
#976e55,"Red,Orange,Purple,Green,Blue",Light Brown
#8a6555,"Red,Orange,Purple,Green,Blue",Brown
#a2715f,"Blue, Black, Red, Pink, White",Light Brown
#aa775a,"Blue, Black, Red, Pink, White",Light Brown
#a58d84,"Blue, Black, Red, Pink, White",Light Brown
#9d6e56,"Blue, Black, Red, Pink, White",Light Brown
#aa8a78,"Yellow, Orange, White, Blue, Black",Light Brown
#184260,"Red,Orange,Purple,Green,Blue",Black Brown
#513e39,"Red,Orange,Purple,Green,Blue",Black Brown
#775a52,"Red,Orange,Purple,Green,Blue",Brown
#896757,"Red,Orange,Purple,Green,Blue",Brown
#cca590,"Blue,Brown,Red,Green,Orange",Olive
#a68978,"Yellow, Orange, White, Blue, Black",Light Brown
#95776a,"Blue, Black, Red, Pink, White",Light Brown
#94735f,"Blue, Black, Red, Pink, White",Light Brown
#a78069,"Blue, Black, Red, Pink, White",Light Brown
#826056,"Red,Orange,Purple,Green,Blue",Brown
#bc9894,"Blue,Brown,Red,Green,Orange",Light Brown
#844a2f,"Red,Orange,Purple,Green,Blue",Brown
#ac857a,"Brown, Orange, Pink, White, Purple",Light Brown
#8c5a40,"Red,Orange,Purple,Green,Blue",Brown
#aa7c6b,"Green, Yellow, Red, Black, Grey",Light Brown
#895e44,"Red,Orange,Purple,Green,Blue",Brown
#765345,"Red,Orange,Purple,Green,Blue",Brown
#9d6a53,"Green, Yellow, Red, Black, Grey",Light Brown
#a68070,"Green, Yellow, Red, Black, Grey",Light Brown
#a0767b,"Green, Yellow, Red, Black, Grey",Light Brown
#bb9882,"Green, Yellow, Red, Black, Grey",Light Brown
#b0826f,"Green, Yellow, Red, Black, Grey",Light Brown
#b29285,"Pink, Blue, Red, Orange, Grey",Light Brown
#e1b092,"Grey, Blue, Black, Yellow, Green",Olive
#cca090,"Grey, Blue, Black, Yellow, Green",Olive
#b98275,"Green, Yellow, Red, Black, Grey",Light Brown
#755642,"Red,Orange,Purple,Green,Blue",Brown
#856b59,"Red,Orange,Purple,Green,Blue",Brown
#6f4d50,"Red,Orange,Purple,Green,Blue",Brown
#835b44,"Green, Black, Orange, Grey, Blue",Brown
#b07965,"Green, Yellow, Red, Black, Grey",Light Brown
#94735d,"Green, Yellow, Red, Black, Grey",Light Brown
#b5745c,"Green, Yellow, Red, Black, Grey",Light Brown
#6e5444,"Green, Black, Orange, Grey, Blue",Brown
#8c6860,"Green, Black, Orange, Grey, Blue",Brown
#77564a,"Green, Black, Orange, Grey, Blue",Brown
#8f6049,"Red,Orange,Purple,Green,Blue",Brown
#897360,"Blue,Brown,Red,Green,Orange",Brown
#a9725a,"Green, Yellow, Red, Black, Grey",Light Brown
#7c4d3f,"Red,Orange,Purple,Green,Blue",Brown
#9e7058,"Green, Yellow, Red, Black, Grey",Light Brown
#bd9989,"Green, Yellow, Red, Black, Grey",Light Brown
#95725b,"Green, Yellow, Red, Black, Grey",Light Brown
#b38b70,"Green, Yellow, Red, Black, Grey",Light Brown
#845c3d,"Red,Orange,Purple,Green,Blue",Brown
#9e735d,"Green, Yellow, Red, Black, Grey",Light Brown
#6c4636,"Red,Orange,Purple,Green,Blue",Brown
#645244,"Red,Orange,Purple,Green,Blue",Brown
#96796b,"Green, Yellow, Red, Black, Grey",Light Brown
#ab7461,"Blue,Brown,Red,Green,Orange",Light Brown
#806764,"Red,Orange,Purple,Green,Blue",Brown
#9d5c3c,"Red,Orange,Purple,Green,Blue",Light Brown
#b6836a,"Blue,Brown,Red,Green,Orange",Light Brown
#bea497,"Blue,Brown,Red,Green,Orange",Light Brown
#b4917f,"Blue,Brown,Red,Green,Orange",Light Brown
#9c857d,"Blue,Brown,Red,Green,Orange",Light Brown
#d2ab9b,"Grey, Blue, Black, Yellow, Green",Olive
#ccbaaa,"Grey, Blue, Black, Yellow, Green",Olive
#b28a81,"Blue,Brown,Red,Green,Orange",Light Brown
#826248,"Red,Orange,Purple,Green,Blue",Brown
#5a4537,"Red,Orange,Purple,Green,Blue",Black Brown
#7e574d,"Red,Orange,Purple,Green,Blue",Brown
#a16e55,"Yellow, Orange, White, Blue, Black",Light Brown
#ba8e78,"Yellow, Orange, White, Blue, Black",Light Brown
#716059,"Red,Orange,Purple,Green,Blue",Brown
#572c12,"Red,Orange,Purple,Green,Blue",Black Brown
#3e2613,"Red,Orange,Purple,Green,Blue",Black Brown
#bfa291,"Yellow, Orange, White, Blue, Black",Light Brown
#9e8d8b,"Yellow, Orange, White, Blue, Black",Light Brown
#a06746,"Red, Yellow, Purple, Grey, Brown",Light Brown
#8d6754,"Red,Orange,Purple,Green,Blue",Brown
#8f7466,"Blue,Brown,Red,Green,Orange",Brown
#876b5b,"Red,Orange,Purple,Green,Blue",Brown
#be9080,"Yellow, Orange, White, Blue, Black",Light Brown
#8a6252,"Red,Orange,Purple,Green,Blue",Brown
#a07f71,"Yellow, Orange, White, Blue, Black",Light Brown
#79635c,"Red,Orange,Purple,Green,Blue",Brown
#9a6749,"Yellow, Orange, White, Blue, Black",Light Brown
#ae775b,"Yellow, Orange, White, Blue, Black",Light Brown
#7d5046,"Red, Yellow, Orange, Grey, Pink",Brown
#bf9377,"Red, Yellow, Purple, Grey, Brown",Light Brown
#c09274,"Blue,Brown,Red,Green,Orange",Light Brown
#987063,"Blue,Brown,Red,Green,Orange",Light Brown
#bf866e,"Blue,Brown,Red,Green,Orange",Light Brown
#bb9480,"Blue,Brown,Red,Green,Orange",Light Brown
#494f48,"Red,Orange,Purple,Green,Blue",Black Brown
#ab7c63,"Blue,Brown,Red,Green,Orange",Light Brown
#966647,"Red,Orange,Purple,Green,Blue",Light Brown
#7c583f,"Red,Orange,Purple,Green,Blue",Brown
#c8a18d,"Grey, Blue, Black, Yellow, Green",Olive
#a28171,"Blue,Brown,Red,Green,Orange",Light Brown
#744e43,"Red,Orange,Purple,Green,Blue",Brown
#bf8d7e,"Purple, Pink, Red, Grey, Green",Light Brown
#755d52,"Red,Orange,Purple,Green,Blue",Brown
#574c4b,"Blue, Black , Red, Pink , White",Black Brown
#91735f,"Blue,Brown,Red,Green,Orange",Brown
#7a5747,"Red,Orange,Purple,Green,Blue",Brown
#9c6e4d,"Purple, Pink, Red, Grey, Green",Light Brown
#8a5c44,"Red,Orange,Purple,Green,Blue",Brown
#8f7160,"Blue,Brown,Red,Green,Orange",Brown
#977f77,"Purple, Pink, Red, Grey, Green",Light Brown
#a27556,"Purple, Pink, Red, Grey, Green",Light Brown
#9a7868,"Purple, Pink, Red, Grey, Green",Light Brown
#af8570,"Purple, Pink, Red, Grey, Green",Light Brown
#7f6456,"Red,Orange,Purple,Green,Blue",Brown
#ab7b66,"Orange, Pink, Brown, Red, Grey",Light Brown
#c18d79,"Purple, Pink, Red, Grey, Green",Light Brown
#bf9173,"Purple, Pink, Red, Grey, Green",Light Brown
#654437,"Red,Orange,Purple,Green,Blue",Brown
#e2a48d,"Grey, Blue, Black, Yellow, Green",Olive
#c7a695,"Blue,Brown,Red,Green,Orange",Light Brown
#7c5b4d,"Green, Yellow, Purple, Black, Pink",Brown
#7b5747,"Green, Yellow, Purple, Black, Pink",Brown
#a8735d,"Blue,Brown,Red,Green,Orange",Light Brown
#948074,"Blue,Brown,Red,Green,Orange",Light Brown
#af856d,"Blue,Brown,Red,Green,Orange",Light Brown
#b4866c,"Blue,Brown,Red,Green,Orange",Light Brown
#a88783,"Orange, Pink, Brown, Red, Grey",Light Brown
#413235,"Blue, Black , Red, Pink , White",Black Brown
#c0967a,"Blue,Brown,Red,Green,Orange",Light Brown
#b9765e,"Red, Yellow, Purple, Grey, Brown",Light Brown
#59321f,"Blue, Black , Red, Pink , White",Black Brown
#7e564c,"Green, Yellow, Purple, Black, Pink",Brown
#80655d,"Green, Yellow, Purple, Black, Pink",Brown
#838382,"Green, Yellow, Purple, Black, Pink",Brown
#a88b73,"Black, Grey, Blue, Green, Yellow",Light Brown
#bd9b85,"Yellow, Orange, Blue, Purple, Pink",Light Brown
#a7938a,"Black, White, Blue, Green, Yellow",Light Brown
#795646,"Green, Yellow, Purple, Black, Pink",Brown
#6c4238,"Green, Yellow, Purple, Black, Pink",Brown
#b28166,"Yellow, Orange, White, Blue, Black",Light Brown
#ababab,"Yellow, Orange, White, Blue, Black",Light Brown
#c1a79c,"Yellow, Orange, White, Blue, Black",Light Brown
#815844,"Red,Orange,Purple,Green,Blue",Brown
#99735f,"Yellow, Orange, White, Blue, Black",Light Brown
#a37c64,"Black, White, Blue, Green, Yellow",Light Brown
#dea989,"Grey, Blue, Black, Yellow, Green",Olive
#896355,"Red,Orange,Purple,Green,Blue",Brown
#978277,"Black, White, Blue, Green, Yellow",Light Brown
#5b4734,"Blue, Black , Red, Pink , White",Black Brown
#664a3c,"Red,Orange,Purple,Green,Blue",Brown
#ac8873,"Black, White, Blue, Green, Yellow",Light Brown
#c09076,"Blue,Brown,Red,Green,Orange",Light Brown
#9a6e58,"Blue,Brown,Red,Green,Orange",Light Brown
#9a654f,"Red,Orange,Purple,Green,Blue",Light Brown
#735c52,"Red,Orange,Purple,Green,Blue",Brown
#9f8875,"Blue,Brown,Red,Green,Orange",Light Brown
#8a6554,"Red,Orange,Purple,Green,Blue",Brown
#c29785,"Blue,Brown,Red,Green,Orange",Light Brown
#9e6a55,"Red,Orange,Purple,Green,Blue",Light Brown
#c29880,"Red, Yellow, Purple, Grey, Brown",Light Brown
#a6714f,"Blue,Brown,Red,Green,Orange",Light Brown
#735748,"Red,Orange,Purple,Green,Blue",Brown
#9b7566,"Blue,Brown,Red,Green,Orange",Light Brown
#774b30,"Red,Orange,Purple,Green,Blue",Brown
#c99372,"Blue,Brown,Red,Green,Orange",Olive
#c3947b,"Blue,Brown,Red,Green,Orange",Light Brown
#80462d,"Red,Orange,Purple,Green,Blue",Brown
#4a271a,"Blue, Black , Red, Pink , White",Black Brown
#855842,"Red,Orange,Purple,Green,Blue",Brown
#cbab95,"Blue,Brown,Red,Green,Orange",Olive
#cb988d,"Blue, Black, Red, Pink, White",Olive
#5e4842,"Blue, Black , Red, Pink , White",Black Brown
#b68e7e,"Blue,Brown,Red,Green,Orange",Light Brown
#efbcc2,"Brown, Green, Yellow, White, Black",Fair
#936e63,"Red,Orange,Purple,Green,Blue",Brown
#8b5332,"Red,Orange,Purple,Green,Blue",Brown
#ae8671,"Blue,Brown,Red,Green,Orange",Light Brown
#cf8d6d,"Blue, Black, Red, Pink, White",Olive
#906a59,"Red,Orange,Purple,Green,Blue",Brown
#877777,"Blue,Brown,Red,Green,Orange",Brown
#a26e4f,"Blue,Brown,Red,Green,Orange",Light Brown
#7b5843,"Red,Orange,Purple,Green,Blue",Brown
#a46e5f,"Blue,Brown,Red,Green,Orange",Light Brown
#946750,"Red,Orange,Purple,Green,Blue",Light Brown
#8d6149,"Red,Orange,Purple,Green,Blue",Brown
#ab8367,"Blue,Brown,Red,Green,Orange",Light Brown
#987460,"Blue,Brown,Red,Green,Orange",Light Brown
#ab7d67,"Blue,Brown,Red,Green,Orange",Light Brown
#b69286,"Blue,Brown,Red,Green,Orange",Light Brown
#6b4e51,"Red,Orange,Purple,Green,Blue",Brown
#e5b9a1,"Blue, Black, Red, Pink, White",Olive
#c5814c,"Blue,Brown,Red,Green,Orange",Light Brown
#ab796e,"Blue,Brown,Red,Green,Orange",Light Brown
#9e6957,"Red,Orange,Purple,Green,Blue",Light Brown
#82181e,"Red,Orange,Purple,Green,Blue",Brown
#b09180,"Blue,Brown,Red,Green,Orange",Light Brown
#aea9a7,"Red, Yellow, Purple, Grey, Brown",Light Brown
#7e5f52,"Red,Orange,Purple,Green,Blue",Brown
#c29279,"Blue,Brown,Red,Green,Orange",Light Brown
#734734,"Red,Orange,Purple,Green,Blue",Brown
#a77b60,"Blue,Brown,Red,Green,Orange",Light Brown
#af785e,"Blue,Brown,Red,Green,Orange",Light Brown
#a87159,"Red, Yellow, Purple, Grey, Brown",Light Brown
#a57c68,"Yellow, Orange, White, Blue, Black",Light Brown
#977764,"Yellow, Orange, White, Blue, Black",Light Brown
#8e674a,"Green, Yellow, Purple, Black, Pink",Brown
#986f5f,"Yellow, Orange, White, Blue, Black",Light Brown
#7e6260,"Green, Yellow, Purple, Black, Pink",Brown
#685545,"Green, Yellow, Purple, Black, Pink",Brown
#ab9590,"Yellow, Orange, White, Blue, Black",Light Brown
#a17e6a,"Red, Yellow, Purple, Grey, Brown",Light Brown
#7d5440,"Green, Yellow, Purple, Black, Pink",Brown
#876667,"Green, Yellow, Purple, Black, Pink",Brown
#b8937c,"Yellow, Orange, White, Blue, Black",Light Brown
#a36f55,"Yellow, Orange, White, Blue, Black",Light Brown
#bd9d8e,"Red, Yellow, Purple, Grey, Brown",Light Brown
#795343,"Green, Yellow, Purple, Black, Pink",Brown
#8e6557,"Green, Yellow, Purple, Black, Pink",Brown
#a7755e,"Blue,Brown,Red,Green,Orange",Light Brown
#8f6044,"Red,Orange,Purple,Green,Blue",Brown
#b3866e,"Blue,Brown,Red,Green,Orange",Light Brown
#8a684e,"Red,Orange,Purple,Green,Blue",Brown
#c6a497,"Blue,Brown,Red,Green,Orange",Light Brown
#c6a497,"Blue,Brown,Red,Green,Orange",Light Brown
#b18259,"Blue,Brown,Red,Green,Orange",Light Brown
#986c56,"Red,Orange,Purple,Green,Blue",Light Brown
#9b6f5a,"Yellow, Orange, White, Blue, Black",Light Brown
#98887a,"Red, Yellow, Purple, Grey, Brown",Light Brown
#b18b78,"Yellow, Orange, White, Blue, Black",Light Brown
#dbab90,"Blue, Black, Red, Pink, White",Olive
#b3866e,"Yellow, Orange, White, Blue, Black",Light Brown
#8c6857,"Red,Orange,Purple,Green,Blue",Brown
#ab826a,"Yellow, Orange, White, Blue, Black",Light Brown
#a37759,"Red, Yellow, Purple, Grey, Brown",Light Brown
#a98c7b,"Yellow, Orange, White, Blue, Black",Light Brown
#72584d,"Red,Orange,Purple,Green,Blue",Brown
#9e7c66,"Yellow, Orange, White, Blue, Black",Light Brown
#ac8877,"Yellow, Orange, White, Blue, Black",Light Brown
#a37e6d,"Blue,Brown,Red,Green,Orange",Light Brown
#a68676,"Blue,Brown,Red,Green,Orange",Light Brown
#69402c,"Red,Orange,Purple,Green,Blue",Brown
#ac857b,"Blue,Brown,Red,Green,Orange",Light Brown
#867462,"Blue,Brown,Red,Green,Orange",Brown
#bf8874,"Red, Yellow, Purple, Grey, Brown",Light Brown
#aa856a,"Blue,Brown,Red,Green,Orange",Light Brown
#5e463b,"Blue, Black , Red, Pink , White",Black Brown
#9f654b,"Red,Orange,Purple,Green,Blue",Light Brown
#a18979,"Blue,Brown,Red,Green,Orange",Light Brown
#af8974,"Blue,Brown,Red,Green,Orange",Light Brown
#a97e66,"Blue,Brown,Red,Green,Orange",Light Brown
#896664,"Red,Orange,Purple,Green,Blue",Brown
#8b5a47,"Red,Orange,Purple,Green,Blue",Brown
#a5837b,"Blue,Brown,Red,Green,Orange",Light Brown
#715641,"Brown, Green, Yellow, White, Black",Brown
#bda498,"Blue,Brown,Red,Green,Orange",Light Brown
#86553e,"Brown, Green, Yellow, White, Black",Brown
#2b1b1a,"Blue, Black , Red, Pink , White",Black Brown
#ac795b,"Blue,Brown,Red,Green,Orange",Light Brown
#87694d,"Brown, Green, Yellow, White, Black",Brown
#544742,"Blue, Black , Red, Pink , White",Black Brown
#704b38,"Brown, Green, Yellow, White, Black",Brown
#aa6a4e,"Blue,Brown,Red,Green,Orange",Light Brown
#8f5e4b,"Brown, Green, Yellow, White, Black",Brown
#9b5a40,"Red,Orange,Purple,Green,Blue",Light Brown
#744e3c,"Brown, Green, Yellow, White, Black",Brown
#79614e,"Red,Orange,Purple,Green,Blue",Brown
#7f5540,"Red,Orange,Purple,Green,Blue",Brown
#8a5f47,"Red,Orange,Purple,Green,Blue",Brown
#a86947,"Blue,Brown,Red,Green,Orange",Light Brown
#91746b,"Blue,Brown,Red,Green,Orange",Brown
#a47b69,"Blue,Brown,Red,Green,Orange",Light Brown
#926956,"Red,Orange,Purple,Green,Blue",Brown
#8c7e7b,"Blue,Brown,Red,Green,Orange",Brown
#72442d,"Red,Orange,Purple,Green,Blue",Brown
#936244,"Red,Orange,Purple,Green,Blue",Brown
#c19d8a,"Blue,Brown,Red,Green,Orange",Light Brown
#c4bec9,"Blue,Brown,Red,Green,Orange",Light Brown
#956c4e,"Red,Orange,Purple,Green,Blue",Light Brown
#4b3632,"Blue, Black , Red, Pink , White",Black Brown
#dbab8e,"Green, Yellow, Red, Black, Grey",Olive
#cea993,"Blue, Black, Red, Pink, White",Olive
#b8988b,"Blue,Brown,Red,Green,Orange",Light Brown
#8c5e4b,"Red,Orange,Purple,Green,Blue",Brown
#63433e,"Red,Orange,Purple,Green,Blue",Brown
#897464,"Blue,Brown,Red,Green,Orange",Brown
#a67664,"Blue,Brown,Red,Green,Orange",Light Brown
#a3735c,"Blue,Brown,Red,Green,Orange",Light Brown
#a47160,"Blue,Brown,Red,Green,Orange",Light Brown
#9f6e5a,"Blue,Brown,Red,Green,Orange",Light Brown
#774f3e,"Red,Orange,Purple,Green,Blue",Brown
#956c4f,"Red,Orange,Purple,Green,Blue",Light Brown
#86787a,"Blue,Brown,Red,Green,Orange",Brown
#977158,"Blue,Brown,Red,Green,Orange",Light Brown
#6d3d29,"Red,Orange,Purple,Green,Blue",Brown
#877368,"Red,Orange,Purple,Green,Blue",Brown
#725245,"Red,Orange,Purple,Green,Blue",Brown
#a78b88,"Blue,Brown,Red,Green,Orange",Light Brown
#d9a782,"Blue, Black, Red, Pink, White",Olive
#795140,"Red,Orange,Purple,Green,Blue",Brown
#ad7f6a,"Blue,Brown,Red,Green,Orange",Light Brown
#9b7a6c,"Blue,Brown,Red,Green,Orange",Light Brown
#996462,"Red,Orange,Purple,Green,Blue",Light Brown
#83564e,"Red,Orange,Purple,Green,Blue",Brown
#9b5f4a,"Red,Orange,Purple,Green,Blue",Light Brown
#9b5f4a,"Red,Orange,Purple,Green,Blue",Light Brown
#a5705a,"Blue,Brown,Red,Green,Orange",Light Brown
#aa8e7f,"Blue,Brown,Red,Green,Orange",Light Brown
#c3a592,"Blue,Brown,Red,Green,Orange",Light Brown
#b18a73,"Blue,Brown,Red,Green,Orange",Light Brown
#bd805a,"Blue,Brown,Red,Green,Orange",Light Brown
#7f7f7b,"Blue,Brown,Red,Green,Orange",Brown
#a36b48,"Blue,Brown,Red,Green,Orange",Light Brown
#65473b,"Red,Orange,Purple,Green,Blue",Brown
#af785f,"Blue,Brown,Red,Green,Orange",Light Brown
#7e624e,"Brown, Green, Yellow, White, Black",Brown
#a07058,"Blue,Brown,Red,Green,Orange",Light Brown
#a06c4d,"Blue,Brown,Red,Green,Orange",Light Brown
#7d5c5b,"Brown, Green, Yellow, White, Black",Brown
#a88f86,"Blue,Brown,Red,Green,Orange",Light Brown
#70554a,"Brown, Green, Yellow, White, Black",Brown
#c49b7f,"Blue,Brown,Red,Green,Orange",Light Brown
#a98268,"Blue,Brown,Red,Green,Orange",Light Brown
,,
#a57153,"Blue,Brown,Red,Green,Orange",Light Brown
#ab8b7a,"Blue,Brown,Red,Green,Orange",Light Brown
#d0a992,"Yellow, Orange, White, Blue, Black",Olive
#875a44,"Brown, Green, Yellow, White, Black",Brown
#824e3e,"Brown, Green, Yellow, White, Black",Brown
#705846,"Brown, Green, Yellow, White, Black",Brown
#633c2d,"Red,Orange,Purple,Green,Blue",Brown
#a77359,"Yellow, Orange, White, Blue, Black",Light Brown
#c3a99e,"Yellow, Orange, White, Blue, Black",Light Brown
#7b4d31,"Red,Orange,Purple,Green,Blue",Brown
#675049,"Red,Orange,Purple,Green,Blue",Brown
#5c4037,"Blue, Black , Red, Pink , White",Black Brown
#9d6e56,"Yellow, Orange, White, Blue, Black",Light Brown
#986e59,"Yellow, Orange, White, Blue, Black",Light Brown
#8e7165,"Blue,Brown,Red,Green,Orange",Brown
#715646,"Red,Orange,Purple,Green,Blue",Brown
#b59b8e,"Yellow, Orange, White, Blue, Black",Light Brown
#977464,"Yellow, Orange, White, Blue, Black",Light Brown
#87736e,"Blue,Brown,Red,Green,Orange",Brown
#a77d6f,"Blue,Brown,Red,Green,Orange",Light Brown
#99684b,"Red,Orange,Purple,Green,Blue",Light Brown
#987262,"Blue,Brown,Red,Green,Orange",Light Brown
#857c77,"Blue,Brown,Red,Green,Orange",Brown
#7c5547,"Red,Orange,Purple,Green,Blue",Brown
#977e74,"Blue,Brown,Red,Green,Orange",Light Brown
#a37b67,"Blue,Brown,Red,Green,Orange",Light Brown
#ab785a,"Blue,Brown,Red,Green,Orange",Light Brown
#7c5740,"Red,Orange,Purple,Green,Blue",Brown
#886b5f,"Red,Orange,Purple,Green,Blue",Brown
#6d4732,"Red,Orange,Purple,Green,Blue",Brown
#997463,"Blue,Brown,Red,Green,Orange",Light Brown
#c29f8b,"Blue,Brown,Red,Green,Orange",Light Brown
#332821,"Blue, Black , Red, Pink , White",Black Brown
#cb9273,"Grey, Blue, Black, Yellow, Green",Olive
#a67457,"Blue,Brown,Red,Green,Orange",Light Brown
#b3927c,"Yellow, Orange, White, Blue, Black",Light Brown
#977565,"Yellow, Orange, White, Blue, Black",Light Brown
#a26f59,"Yellow, Orange, White, Blue, Black",Light Brown
#90745c,"Blue,Brown,Red,Green,Orange",Brown
#434343,"Blue, Black , Red, Pink , White",Black Brown
#a27667,"Yellow, Orange, White, Blue, Black",Light Brown
#aa785f,"Yellow, Orange, White, Blue, Black",Light Brown
#baa7a2,"Yellow, Orange, White, Blue, Black",Light Brown
#866763,"Red,Orange,Purple,Green,Blue",Brown
#5a403c,"Red,Orange,Purple,Green,Blue",Black Brown
#b38066,"Yellow, Orange, White, Blue, Black",Light Brown
#a77860,"Blue,Brown,Red,Green,Orange",Light Brown
#5a4c45,"Red,Orange,Purple,Green,Blue",Black Brown
#c9af9a,"Green, Yellow, Red, Black, Grey",Olive
#976f58,"Blue,Brown,Red,Green,Orange",Light Brown
#9f8381,"Blue,Brown,Red,Green,Orange",Light Brown
#875d4e,"Red,Orange,Purple,Green,Blue",Brown
#765b52,"Red,Orange,Purple,Green,Blue",Brown
#9b6d65,"Blue,Brown,Red,Green,Orange",Light Brown
#5c3f36,"Red,Orange,Purple,Green,Blue",Black Brown
#a5735b,"Blue,Brown,Red,Green,Orange",Light Brown
#a47c6a,"Blue,Brown,Red,Green,Orange",Light Brown
#724d33,"Red,Orange,Purple,Green,Blue",Brown
#be9f91,"Red, Yellow, Purple, Grey, Brown",Light Brown
#987f73,"Red, Yellow, Purple, Grey, Brown",Light Brown
#86614e,"Red,Orange,Purple,Green,Blue",Brown
#bd9c8c,"Red, Yellow, Purple, Grey, Brown",Light Brown
#dcbdad,"Grey, Blue, Black, Yellow, Green",Olive
#b7917f,"Red, Yellow, Purple, Grey, Brown",Light Brown
#b3684f,"Red, Yellow, Purple, Grey, Brown",Light Brown
#7d5a4c,"Red,Orange,Purple,Green,Blue",Brown
#d8ad97,"Black, White, Blue, Green, Yellow",Olive
#846750,"Red,Orange,Purple,Green,Blue",Brown
#917059,"Red,Orange,Purple,Green,Blue",Brown
#806050,"Red,Orange,Purple,Green,Blue",Brown
#9c785b,"Blue,Brown,Red,Green,Orange",Light Brown
#907467,"Blue,Brown,Red,Green,Orange",Brown
#9b6a53,"Red,Orange,Purple,Green,Blue",Light Brown
#775e4d,"Red,Orange,Purple,Green,Blue",Brown
#82624c,"Green, Yellow, Red, Black, Grey",Brown
#b79582,"Blue,Brown,Red,Green,Orange",Light Brown
#655a53,"Green, Yellow, Red, Black, Grey",Brown
#6a605c,"Green, Yellow, Red, Black, Grey",Brown
#9e7f67,"Blue,Brown,Red,Green,Orange",Light Brown
#af8068,"Yellow, Orange, White, Blue, Black",Light Brown
#7f5649,"Green, Yellow, Red, Black, Grey",Brown
#725850,"Green, Yellow, Red, Black, Grey",Brown
#9e8372,"Yellow, Orange, White, Blue, Black",Light Brown
#8b6046,"Green, Yellow, Red, Black, Grey",Brown
#a97a5c,"Yellow, Orange, White, Blue, Black",Light Brown
#c0ab9f,"Yellow, Orange, White, Blue, Black",Light Brown
#b97968,"Yellow, Orange, White, Blue, Black",Light Brown
#b07460,"Yellow, Orange, White, Blue, Black",Light Brown
#936f59,"Green, Yellow, Red, Black, Grey",Brown
#8e6757,"Green, Yellow, Red, Black, Grey",Brown
#d5baae,"Grey, Blue, Black, Yellow, Green",Olive
#b9846d,"Blue,Brown,Red,Green,Orange",Light Brown
#b79887,"Blue,Brown,Red,Green,Orange",Light Brown
#755a4f,"Red,Orange,Purple,Green,Blue",Brown
#c68d71,"Blue,Brown,Red,Green,Orange",Light Brown
#dbb599,"Grey, Blue, Black, Yellow, Green",Olive
#bd8771,"Blue,Brown,Red,Green,Orange",Light Brown
#a3684f,"Red,Orange,Purple,Green,Blue",Light Brown
#9b715b,"Blue,Brown,Red,Green,Orange",Light Brown
#c99377,"Yellow, Orange, White, Blue, Black",Olive
#72513f,"Red,Orange,Purple,Green,Blue",Brown
#ce946c,"Yellow, Orange, White, Blue, Black",Olive
#d3a07b,"Yellow, Orange, White, Blue, Black",Olive
#a77662,"Blue,Brown,Red,Green,Orange",Light Brown
#99857b,"Blue,Brown,Red,Green,Orange",Light Brown
#d19d87,"Purple, Pink, Red, Grey, Green",Olive
#b89b8b,"Blue,Brown,Red,Green,Orange",Light Brown
#af7d5e,"Blue,Brown,Red,Green,Orange",Light Brown
#6f4936,"Red,Orange,Purple,Green,Blue",Brown
#ae8776,"Yellow, Orange, White, Blue, Black",Light Brown
#b58c7c,"Yellow, Orange, White, Blue, Black",Light Brown
#ba9075,"Yellow, Orange, White, Blue, Black",Light Brown
#a06f5a,"Yellow, Orange, White, Blue, Black",Light Brown
#936647,"Red,Orange,Purple,Green,Blue",Brown
#91634b,"Red,Orange,Purple,Green,Blue",Brown
#a0867b,"Yellow, Orange, White, Blue, Black",Light Brown
#a5775c,"Yellow, Orange, White, Blue, Black",Light Brown
#8e715e,"Red,Orange,Purple,Green,Blue",Brown
#795141,"Red,Orange,Purple,Green,Blue",Brown
#9e7262,"Yellow, Orange, White, Blue, Black",Light Brown
#a4816f,"Yellow, Orange, White, Blue, Black",Light Brown
#9b7460,"Yellow, Orange, White, Blue, Black",Light Brown
#a27a6a,"Blue,Brown,Red,Green,Orange",Light Brown
#6f3f25,"Red,Orange,Purple,Green,Blue",Brown
#8d685c,"Red,Orange,Purple,Green,Blue",Brown
#9a7965,"Blue,Brown,Red,Green,Orange",Light Brown
#9d755d,"Blue,Brown,Red,Green,Orange",Light Brown
#704c41,"Red,Orange,Purple,Green,Blue",Brown
#c28b70,"Blue,Brown,Red,Green,Orange",Light Brown
#a06d54,"Blue,Brown,Red,Green,Orange",Light Brown
#b89b87,"Blue,Brown,Red,Green,Orange",Light Brown
#b48366,"Blue,Brown,Red,Green,Orange",Light Brown
#704e3c,"Red,Orange,Purple,Green,Blue",Brown
#b49481,"Blue,Brown,Red,Green,Orange",Light Brown
#9a7563,"Blue,Brown,Red,Green,Orange",Light Brown
#a66c54,"Blue,Brown,Red,Green,Orange",Light Brown
#7c6258,"Red,Orange,Purple,Green,Blue",Brown
#58473f,"Red,Orange,Purple,Green,Blue",Black Brown
#773b22,"Red,Orange,Purple,Green,Blue",Brown
#9b8880,"Yellow, Orange, White, Blue, Black",Light Brown
#c59a85,"Yellow, Orange, White, Blue, Black",Light Brown
#97715b,"Yellow, Orange, White, Blue, Black",Light Brown
#87685f,"Red,Orange,Purple,Green,Blue",Brown
#906e63,"Red,Orange,Purple,Green,Blue",Brown
#cba698,"Grey, Blue, Black, Yellow, Green",Olive
#c79275,"Yellow, Orange, White, Blue, Black",Light Brown
#694a41,"Red,Orange,Purple,Green,Blue",Brown
#bf8871,"Yellow, Orange, White, Blue, Black",Light Brown
#c4967f,"Yellow, Orange, White, Blue, Black",Light Brown
#a87054,"Yellow, Orange, White, Blue, Black",Light Brown
#8d7365,"Blue,Brown,Red,Green,Orange",Brown
#c19e89,"Yellow, Orange, White, Blue, Black",Light Brown
#bab4b6,"Blue,Brown,Red,Green,Orange",Light Brown
#724a3f,"Red,Orange,Purple,Green,Blue",Brown
#b09684,"Blue,Brown,Red,Green,Orange",Light Brown
#ab816e,"Blue,Brown,Red,Green,Orange",Light Brown
#876254,"Red,Orange,Purple,Green,Blue",Brown
#66463d,"Red,Orange,Purple,Green,Blue",Brown
#a17e6a,"Blue,Brown,Red,Green,Orange",Light Brown
#90644c,"Red,Orange,Purple,Green,Blue",Brown
#9e6f58,"Blue,Brown,Red,Green,Orange",Light Brown
#786250,"Red, Yellow, Blue, Black, Brown",Brown
#9d816d,"Blue,Brown,Red,Green,Orange",Light Brown
#aa7c64,"Blue,Brown,Red,Green,Orange",Light Brown
#986849,"Red,Orange,Purple,Green,Blue",Light Brown
#cda48e,"Black, White, Blue, Green, Yellow",Olive
#a37c6a,"Blue,Brown,Red,Green,Orange",Light Brown
#b58b76,"Blue,Brown,Red,Green,Orange",Light Brown
#5f463d,"Orange, Pink, Brown, Red, Grey",Black Brown
#7a6155,"Red, Yellow, Blue, Black, Brown",Brown
#bb998d,"Red, Yellow, Purple, Grey, Brown",Light Brown
#895135,"Red, Yellow, Blue, Black, Brown",Brown
#d1b5a8,"Purple, Pink, Red, Grey, Green",Olive
#c2a291,"Red, Yellow, Purple, Grey, Brown",Light Brown
#9a7863,"Red, Yellow, Purple, Grey, Brown",Light Brown
#9e775f,"Red, Yellow, Purple, Grey, Brown",Light Brown
#9a6f62,"Red, Yellow, Purple, Grey, Brown",Light Brown
#75503f,"Red, Yellow, Blue, Black, Brown",Brown
#a67f6b,"Red, Yellow, Purple, Grey, Brown",Light Brown
#926759,"Red, Yellow, Blue, Black, Brown",Brown
#b48164,"Red, Yellow, Purple, Grey, Brown",Light Brown
#b98e84,"Red, Yellow, Purple, Grey, Brown",Light Brown
#a67d65,"Red, Yellow, Purple, Grey, Brown",Light Brown
#a77c63,"Red, Yellow, Purple, Grey, Brown",Light Brown
#956953,"Red, Yellow, Purple, Grey, Brown",Light Brown
#c48f6a,"Blue,Brown,Red,Green,Orange",Light Brown
#685c55,"Red,Orange,Purple,Green,Blue",Brown
#a2775b,"Blue,Brown,Red,Green,Orange",Light Brown
#705b58,"Red,Orange,Purple,Green,Blue",Brown
#816457,"Red,Orange,Purple,Green,Blue",Brown
#835e4c,"Yellow, Orange, Blue, Purple, Pink",Brown
#966e60,"Blue,Brown,Red,Green,Orange",Light Brown
#967264,"Blue,Brown,Red,Green,Orange",Light Brown
#956047,"Red,Orange,Purple,Green,Blue",Light Brown
#866b5b,"Yellow, Orange, Blue, Purple, Pink",Brown
#875948,"Yellow, Orange, Blue, Purple, Pink",Brown
#b68c7e,"Blue,Brown,Red,Green,Orange",Light Brown
#cdbcbe,"Purple, Pink, Red, Grey, Green",Olive
#a07566,"Blue,Brown,Red,Green,Orange",Light Brown
#926956,"Yellow, Orange, Blue, Purple, Pink",Brown
#deb6a0,"Purple, Pink, Red, Grey, Green",Olive
#d0afa1,"Grey, Blue, Black, Yellow, Green",Olive
#a08776,"Red, Yellow, Purple, Grey, Brown",Light Brown
#b99b83,"Red, Yellow, Purple, Grey, Brown",Light Brown
#a58775,"Red, Yellow, Purple, Grey, Brown",Light Brown
#875040,"Yellow, Orange, Blue, Purple, Pink",Brown
#cfa09b,"Yellow, Orange, White, Blue, Black",Olive
#a37f67,"Red, Yellow, Purple, Grey, Brown",Light Brown
#a78772,"Red, Yellow, Purple, Grey, Brown",Light Brown
#2b457d,"Orange, Pink, Brown, Red, Grey",Black Brown
#8a6f60,"Red,Orange,Purple,Green,Blue",Brown
#cc8d73,"Yellow, Orange, White, Blue, Black",Olive
#d09b81,"Yellow, Orange, White, Blue, Black",Olive
#b38167,"Red, Yellow, Purple, Grey, Brown",Light Brown
#ae8d79,"Red, Yellow, Purple, Grey, Brown",Light Brown
#95725c,"Red, Yellow, Purple, Grey, Brown",Light Brown
#7c5740,"Red,Orange,Purple,Green,Blue",Brown
#9a7252,"Red, Yellow, Purple, Grey, Brown",Light Brown
#814b2f,"Red,Orange,Purple,Green,Blue",Brown
#66544f,"Red,Orange,Purple,Green,Blue",Brown
#988078,"Red, Yellow, Purple, Grey, Brown",Light Brown
#a2a2a2,"Red, Yellow, Purple, Grey, Brown",Light Brown
#9a9186,"Blue,Brown,Red,Green,Orange",Light Brown
#565f69,"Orange, Pink, Brown, Red, Grey",Black Brown
#605c56,"Orange, Pink, Brown, Red, Grey",Black Brown
#8b7069,"Red,Orange,Purple,Green,Blue",Brown
#826457,"Red,Orange,Purple,Green,Blue",Brown
,,
#4b433b,"Orange, Pink, Brown, Red, Grey",Black Brown
#908381,"Blue,Brown,Red,Green,Orange",Brown
#aa8c7c,"Blue,Brown,Red,Green,Orange",Light Brown
#7e6552,"Purple, Pink, Red, Grey, Green",Brown
#b18569,"Blue,Brown,Red,Green,Orange",Light Brown
#be8e77,"Blue,Brown,Red,Green,Orange",Light Brown
#6f503b,"Purple, Pink, Red, Grey, Green",Brown
#814a32,"Purple, Pink, Red, Grey, Green",Brown
#7e645a,"Purple, Pink, Red, Grey, Green",Brown
#ad8f80,"Blue,Brown,Red,Green,Orange",Light Brown
#d3b6a3,"Yellow, Orange, White, Blue, Black",Olive
#7b685e,"Purple, Pink, Red, Grey, Green",Brown
#988079,"Blue,Brown,Red,Green,Orange",Light Brown
#76523e,"Red,Orange,Purple,Green,Blue",Brown
#8f755f,"Blue,Brown,Red,Green,Orange",Brown
#cfb7a3,"Grey, Blue, Black, Yellow, Green",Olive
#a8a8a8,"Blue,Brown,Red,Green,Orange",Light Brown
#c1a392,"Blue,Brown,Red,Green,Orange",Light Brown
#beaa9b,"Blue,Brown,Red,Green,Orange",Light Brown
#d0b6a7,"Grey, Blue, Black, Yellow, Green",Olive
#d0977d,"Grey, Blue, Black, Yellow, Green",Olive
#ac8266,"Blue,Brown,Red,Green,Orange",Light Brown
#ac7555,"Blue,Brown,Red,Green,Orange",Light Brown
#8d7167,"Blue,Brown,Red,Green,Orange",Brown
#b39587,"Blue,Brown,Red,Green,Orange",Light Brown
#ab8c81,"Blue,Brown,Red,Green,Orange",Light Brown
#a68a74,"Blue,Brown,Red,Green,Orange",Light Brown
#d7bca9,"Grey, Blue, Black, Yellow, Green",Olive
#917875,"Blue,Brown,Red,Green,Orange",Brown
#8b7360,"Blue,Brown,Red,Green,Orange",Brown
#b19d89,"Blue,Brown,Red,Green,Orange",Light Brown
#a1857b,"Blue,Brown,Red,Green,Orange",Light Brown
#af9a90,"Blue,Brown,Red,Green,Orange",Light Brown
#8d6a59,"Red,Orange,Purple,Green,Blue",Brown
#966d5b,"Red,Orange,Purple,Green,Blue",Light Brown
#815e4c,"Red,Orange,Purple,Green,Blue",Brown
#795946,"Red,Orange,Purple,Green,Blue",Brown
#b09095,"Blue,Brown,Red,Green,Orange",Light Brown
#895c41,"Red,Orange,Purple,Green,Blue",Brown
#a3a49b,"Blue,Brown,Red,Green,Orange",Light Brown
#b9acb4,"Blue,Brown,Red,Green,Orange",Light Brown
#524842,"Orange, Pink, Brown, Red, Grey",Black Brown
#c6b1a7,"Blue,Brown,Red,Green,Orange",Light Brown
#9b5e37,"Red,Orange,Purple,Green,Blue",Light Brown
#ae8d76,"Blue,Brown,Red,Green,Orange",Light Brown
#ad846e,"Blue,Brown,Red,Green,Orange",Light Brown
#765542,"Red,Orange,Purple,Green,Blue",Brown
#7f6d66,"Red,Orange,Purple,Green,Blue",Brown
#9d8676,"Blue,Brown,Red,Green,Orange",Light Brown
#ae7b70,"Blue,Brown,Red,Green,Orange",Light Brown
#9f6a53,"Red,Orange,Purple,Green,Blue",Light Brown
#969696,"Blue,Brown,Red,Green,Orange",Light Brown
#8b604c,"Purple, Pink, Red, Grey, Green",Brown
#a87968,"Blue,Brown,Red,Green,Orange",Light Brown
#a48b85,"Red, Yellow, Purple, Grey, Brown",Light Brown
#bc9579,"Blue,Brown,Red,Green,Orange",Light Brown
#634e40,"Purple, Pink, Red, Grey, Green",Brown
#9f7d6c,"Blue,Brown,Red,Green,Orange",Light Brown
#99715b,"Blue,Brown,Red,Green,Orange",Light Brown
#b09583,"Blue,Brown,Red,Green,Orange",Light Brown
#9a8476,"Blue,Brown,Red,Green,Orange",Light Brown
#cab0a6,"Purple, Pink, Red, Grey, Green",Olive
#aa9388,"Blue,Brown,Red,Green,Orange",Light Brown
#b39282,"Red, Yellow, Purple, Grey, Brown",Light Brown
#be9a85,"Red, Yellow, Purple, Grey, Brown",Light Brown
#724f43,"Purple, Pink, Red, Grey, Green",Brown
#87634a,"Purple, Pink, Red, Grey, Green",Brown
#978072,"Red, Yellow, Purple, Grey, Brown",Light Brown
#b8998c,"Red, Yellow, Purple, Grey, Brown",Light Brown
#80564f,"Purple, Pink, Red, Grey, Green",Brown
#48362d,"Orange, Pink, Brown, Red, Grey",Black Brown
#6f645a,"Red,Orange,Purple,Green,Blue",Brown
#a7928e,"Red, Yellow, Purple, Grey, Brown",Light Brown
#826553,"Red,Orange,Purple,Green,Blue",Brown
#ab9180,"Red, Yellow, Purple, Grey, Brown",Light Brown
#86614b,"Red,Orange,Purple,Green,Blue",Brown
#7b6258,"Red,Orange,Purple,Green,Blue",Brown
#dfb7a1,"Grey, Blue, Black, Yellow, Green",Olive
#9c7d68,"Red, Yellow, Purple, Grey, Brown",Light Brown
#a28776,"Red, Yellow, Purple, Grey, Brown",Light Brown
#492b22,"Orange, Pink, Brown, Red, Grey",Black Brown
#64473c,"Red,Orange,Purple,Green,Blue",Brown
#a46d56,"Red, Yellow, Purple, Grey, Brown",Light Brown
#917e76,"Blue,Brown,Red,Green,Orange",Brown
#513935,"Red,Orange,Purple,Green,Blue",Black Brown
#624037,"Red,Orange,Purple,Green,Blue",Black Brown
#484848,"Red,Orange,Purple,Green,Blue",Black Brown
#8c6652,"Yellow, Orange, White, Blue, Black",Brown
#6b4e48,"Yellow, Orange, White, Blue, Black",Brown
#625739,"Red,Orange,Purple,Green,Blue",Black Brown
#a18783,"Red, Yellow, Purple, Grey, Brown",Light Brown
#755d54,"Yellow, Orange, White, Blue, Black",Brown
#ac8b78,"Red, Yellow, Purple, Grey, Brown",Light Brown
#a0645b,"Red,Orange,Purple,Green,Blue",Light Brown
#77807d,"Yellow, Orange, White, Blue, Black",Brown
#726e73,"Yellow, Orange, White, Blue, Black",Brown
#5e4033,"Red,Orange,Purple,Green,Blue",Black Brown
#9e8270,"Blue,Brown,Red,Green,Orange",Light Brown
#b99489,"Blue,Brown,Red,Green,Orange",Light Brown
#987f71,"Blue,Brown,Red,Green,Orange",Light Brown
#aa8375,"Pink, Blue, Red, Orange, Grey",Light Brown
#b68c98,"Blue,Brown,Red,Green,Orange",Light Brown
#704e3c,"Yellow, Orange, White, Blue, Black",Brown
#91634d,"Yellow, Orange, White, Blue, Black",Brown
#dbab93,"Yellow, Orange, White, Blue, Black",Olive
#a1846e,"Blue,Brown,Red,Green,Orange",Light Brown
#9f7252,"Blue,Brown,Red,Green,Orange",Light Brown
#ac9586,"Blue,Brown,Red,Green,Orange",Light Brown
#bca59c,"Blue,Brown,Red,Green,Orange",Light Brown
#b2785b,"Blue,Brown,Red,Green,Orange",Light Brown
#978674,"Blue,Brown,Red,Green,Orange",Light Brown
#6b4b44,"Yellow, Orange, White, Blue, Black",Brown
#926b50,"Yellow, Orange, White, Blue, Black",Brown
#9b6446,"Red,Orange,Purple,Green,Blue",Light Brown
#97847b,"Blue,Brown,Red,Green,Orange",Light Brown
#baa092,"Blue,Brown,Red,Green,Orange",Light Brown
#885d53,"Yellow, Orange, White, Blue, Black",Brown
#313523,"Red,Orange,Purple,Green,Blue",Black Brown
#724d3a,"Red,Orange,Purple,Green,Blue",Brown
#a5927d,"Blue,Brown,Red,Green,Orange",Light Brown
#ceb1a7,"Purple, Pink, Red, Grey, Green",Olive
#bc9c7e,"Blue,Brown,Red,Green,Orange",Light Brown
#d3baa8,"Yellow, Orange, White, Blue, Black",Olive
#c2a693,"Blue,Brown,Red,Green,Orange",Light Brown
#7f6354,"Red,Orange,Purple,Green,Blue",Brown
#a18a7f,"Blue,Brown,Red,Green,Orange",Light Brown
#af6255,"Blue,Brown,Red,Green,Orange",Light Brown
#af9186,"Red, Yellow, Purple, Grey, Brown",Light Brown
#b88c73,"Pink, Blue, Red, Orange, Grey",Light Brown
#c99d8b,"Yellow, Orange, White, Blue, Black",Olive
#a8806c,"Pink, Blue, Red, Orange, Grey",Light Brown
#c49993,"Pink, Blue, Red, Orange, Grey",Light Brown
#644330,"Black, Green, Yellow, Red, Purple",Brown
#d6b98c,"Blue,Brown,Red,Green,Orange",Olive
#a38776,"Pink, Blue, Red, Orange, Grey",Light Brown
#caa08a,"Black, White, Blue, Green, Yellow",Olive
#89664c,"Black, Green, Yellow, Red, Purple",Brown
#7c0d45,"Black, Green, Yellow, Red, Purple",Brown
#cfb2a7,"Blue,Brown,Red,Green,Orange",Olive
#885d52,"Black, Green, Yellow, Red, Purple",Brown
#ae9d93,"Pink, Blue, Red, Orange, Grey",Light Brown
#6c5548,"Black, Green, Yellow, Red, Purple",Brown
#c47f68,"Pink, Blue, Red, Orange, Grey",Light Brown
#9f694f,"Red,Orange,Purple,Green,Blue",Light Brown
#fedbc7,"Red, Orange, Purple, Green, Blue",Fair
#f0d0b4,"Brown, Green, Yellow, White, Black",Fair
#f1ddcb,"Red, Orange, Purple, Green, Blue",Fair
#eacbc6,"Yellow, Purple, Black, White, Brown",Fair
#facdc8,"Yellow, Purple, Black, White, Brown",Fair
#FFF5E1,"Yellow, Purple, Black, White, Brown",Fair
#FFEDD9,"Yellow, Purple, Black, White, Brown",Fair
#FFE5D0,"Blue,Brown,Red,Green,Orange",Fair
#FFDDC6,"Blue,Brown,Red,Green,Orange",Fair
#FFD5BD,"Blue,Brown,Red,Green,Orange",Fair
#FFCDB4,"Blue,Brown,Red,Green,Orange",Fair
#FFC5AA,"Blue,Brown,Red,Green,Orange",Fair
#FFBD9F,"Brown, Green, Yellow, White, Black",Fair
#FFB596,"Blue,Brown,Red,Green,Orange",Fair
#FFAD8C,"Blue,Brown,Red,Green,Orange",Fair
#FFA582,"Blue, Brown, red, Green, Orange, Black",Fair
#FF9D79,"Brown, Green, Yellow, White, Black",Fair
#FF956F,"Blue, Brown, red, Green, Orange, Black",Fair
#FF8D65,"Orange, Grey, Blue, Pink, Brown",Fair
#FF855B,"Blue, Brown, red, Green, Orange, Black",Fair
#FF7C50,"Brown, Green, Yellow, White, Black",Fair
#FF7446,"Blue, Brown, red, Green, Orange, Black",Fair
#FF6C3B,"Blue, Brown, red, Green, Orange, Black",Fair
#FF6431,"Blue, Brown, red, Green, Orange, Black",Fair
#FF5C27,"Brown, Green, Yellow, White, Black",Fair
#FF541D,"Blue, Brown, red, Green, Orange, Black",Fair
#FF4B13,"Blue, Brown, red, Green, Orange, Black",Fair
#FF4308,"Blue, Brown, red, Green, Orange, Black",Fair
#F53B00,"Blue, Brown, red, Green, Orange, Black",Fair
#EB3700,"Brown, Orange, Pink, White, Purple",Fair
#E13300,"Brown, Orange, Pink, White, Purple",Fair
#FDF5E2,"Brown, Orange, Pink, White, Purple",Fair
#FDF4E0,"Brown, Orange, Pink, White, Purple",Fair
#FDF3DF,"Blue, Brown, red, Green, Orange, Black",Fair
#FDF3DE,"Blue, Brown, red, Green, Orange, Black",Fair
#FDF2DC,"Purple, Pink, Red, Grey, Green",Fair
#FDF1DB,"Red, Orange, Purple, Green, Blue",Fair
#FDF1DA,"Blue, Brown, red, Green, Orange, Black",Fair
#FDF0D9,"Purple, Black, White, Grey, Pink",Fair
#FDEFD7,"Purple, Black, White, Grey, Pink",Fair
#FDEFD6,"Purple, Pink, Red, Grey, Green",Fair
#FDEED5,"Purple, Black, White, Grey, Pink",Fair
#FDEED4,"Purple, Black, White, Grey, Pink",Fair
#FDEDD2,"Blue, Brown, red, Green, Orange, Black",Fair
#FDECD1,"Blue, Brown, red, Green, Orange, Black",Fair
#FDECD0,"Blue, Brown, red, Green, Orange, Black",Fair
#FDEBCF,"Blue, Brown, red, Green, Orange, Black",Fair
#FDEACD,"Blue,Brown,Red,Green,Orange",Fair
#FDEACC,"Purple, Pink, Red, Grey, Green",Fair
#FDE9CB,"Purple, Pink, Red, Grey, Green",Fair
#FDE8C9,"Purple, Pink, Red, Grey, Green",Fair
#FDE8C8,"Purple, Pink, Red, Grey, Green",Fair
#FDE7C7,"Blue,Brown,Red,Green,Orange",Fair
#FDE7C6,"Blue,Brown,Red,Green,Orange",Fair
#FDE6C4,"Blue, Grey , Red, Yellow",Fair
#FDE5C3,"Blue, Grey , Red, Yellow",Fair
#FEE5C2,"Blue, Grey , Red, Yellow",Fair
#FEE4C1,"Blue, Grey , Red, Yellow",Fair
#FEE3BF,"Yellow, Black, Orange, Grey, Brown",Fair
#FEE3BE,"Yellow, Black, Orange, Grey, Brown",Fair
#FEE2BD,"Brown, Green, Yellow, White, Black",Fair
#FEE2BC,"Yellow, Black, Orange, Grey, Brown",Fair
#FEE1BA,"Yellow, Black, Orange, Grey, Brown",Fair
#FEE0B9,"Yellow, Black, Orange, Grey, Brown",Fair
#FEE0B8,"Blue, Grey , Red, Yellow",Fair
#FEDFB6,"Blue, Grey , Red, Yellow",Fair
#FEDEB5,"Blue, Grey , Red, Yellow",Fair
#FEDEB4,"Blue, Grey , Red, Yellow",Fair
#FEDDB3,"Yellow, Purple, Black, Orange, Pink",Fair
#FEDCB1,"Yellow, Purple, Black, Orange, Pink",Fair
#FEDCB0,"Red, Orange, Purple, Green, Blue",Fair
#FEDBAF,"Yellow, Purple, Black, Orange, Pink",Fair
#FEDBAE,"Yellow, Purple, Black, Orange, Pink",Fair
#FEDAAC,"Brown, Green, Yellow, White, Black",Fair
#FED9AB,"Brown, Green, Yellow, White, Black",Fair
#FED9AA,"Brown, Green, Yellow, White, Black",Fair
#FED8A9,"Brown, Green, Yellow, White, Black",Fair
#FED7A7,"Blue,Brown,Red,Green,Orange",Fair
#FED7A6,"Red, Orange, Purple, Green, Blue",Fair
#FED6A5,"Blue,Brown,Red,Green,Orange",Fair
#FFD6A4,"Blue,Brown,Red,Green,Orange",Fair
#946A3E,"Blue,Brown,Red,Green,Orange",Light Brown
#946A3E,"Blue,Brown,Red,Green,Orange",Light Brown
#946A3E,"Blue,Brown,Red,Green,Orange",Light Brown
#956B3F,"Blue,Brown,Red,Green,Orange",Light Brown
#956B3F,"Blue,Brown,Red,Green,Orange",Light Brown
#956B3F,"Blue,Brown,Red,Green,Orange",Light Brown
#966C40,"Blue,Brown,Red,Green,Orange",Light Brown
#966C40,"Blue,Brown,Red,Green,Orange",Light Brown
#976D41,"Blue,Brown,Red,Green,Orange",Light Brown
#976D41,"Blue,Brown,Red,Green,Orange",Light Brown
#976D41,"Blue,Brown,Red,Green,Orange",Light Brown
#986E42,"Black, Green, Yellow, Red, Purple",Light Brown
#986E42,"Black, Green, Yellow, Red, Purple",Light Brown
#986E42,"Black, Green, Yellow, Red, Purple",Light Brown
#996F43,"Black, Green, Yellow, Red, Purple",Light Brown
#996F43,"Black, Green, Yellow, Red, Purple",Light Brown
#9A7044,"Blue,Brown,Red,Green,Orange",Light Brown
#9A7044,"Blue,Brown,Red,Green,Orange",Light Brown
#9A7044,"Blue,Brown,Red,Green,Orange",Light Brown
#9B7145,"Blue,Brown,Red,Green,Orange",Light Brown
#9B7145,"Blue,Brown,Red,Green,Orange",Light Brown
#9C7246,"Blue,Brown,Red,Green,Orange",Light Brown
#9C7246,"Black, Green, Yellow, Red, Purple",Light Brown
#9C7246,"Blue,Brown,Red,Green,Orange",Light Brown
#9D7347,"Blue,Brown,Red,Green,Orange",Light Brown
#9D7347,"Blue,Brown,Red,Green,Orange",Light Brown
#9D7347,"Blue,Brown,Red,Green,Orange",Light Brown
#9E7448,"Blue,Brown,Red,Green,Orange",Light Brown
#9E7448,"Blue,Brown,Red,Green,Orange",Light Brown
#9F7549,"Blue,Brown,Red,Green,Orange",Light Brown
#9F7549,"Black, Green, Yellow, Red, Purple",Light Brown
#9F7549,"Blue,Brown,Red,Green,Orange",Light Brown
#A0764A,"Blue,Brown,Red,Green,Orange",Light Brown
#A0764A,"Blue,Brown,Red,Green,Orange",Light Brown
#A0764A,"Blue,Brown,Red,Green,Orange",Light Brown
#A1774B,"Blue,Brown,Red,Green,Orange",Light Brown
#A1774B,"Blue,Brown,Red,Green,Orange",Light Brown
#A2784C,"Blue,Brown,Red,Green,Orange",Light Brown
#A2784C,"Blue,Brown,Red,Green,Orange",Light Brown
#A2784C,"Blue,Brown,Red,Green,Orange",Light Brown
#A3794D,"Black, Green, Yellow, Red, Purple",Light Brown
#A3794D,"Blue,Brown,Red,Green,Orange",Light Brown
#A47A4E,"Blue,Brown,Red,Green,Orange",Light Brown
#A47A4E,"Black, Green, Yellow, Red, Purple",Light Brown
#A47A4E,"Blue,Brown,Red,Green,Orange",Light Brown
#A57B4F,"Black, Green, Yellow, Red, Purple",Light Brown
#A57B4F,"Blue,Brown,Red,Green,Orange",Light Brown
#A57B4F,"Blue,Brown,Red,Green,Orange",Light Brown
#A67C50,"Black, Green, Yellow, Red, Purple",Light Brown
#A67C50,"Blue,Brown,Red,Green,Orange",Light Brown
#A77D51,"Blue,Brown,Red,Green,Orange",Light Brown
#A77D51,"Blue,Brown,Red,Green,Orange",Light Brown
#A77D51,"Blue,Brown,Red,Green,Orange",Light Brown
#A87E52,"Black, Green, Yellow, Red, Purple",Light Brown
#A87E52,"Blue,Brown,Red,Green,Orange",Light Brown
#A97F53,"Blue,Brown,Red,Green,Orange",Light Brown
#A97F53,"Blue,Brown,Red,Green,Orange",Light Brown
#A97F53,"Blue,Brown,Red,Green,Orange",Light Brown
#AA8054,"Blue,Brown,Red,Green,Orange",Light Brown
#AA8054,"Blue,Brown,Red,Green,Orange",Light Brown
#AA8054,"Blue,Brown,Red,Green,Orange",Light Brown
#AB8155,"Blue,Brown,Red,Green,Orange",Light Brown
#AB8155,"Blue,Brown,Red,Green,Orange",Light Brown
#AC8256,"Blue,Brown,Red,Green,Orange",Light Brown
#AC8256,"Blue,Brown,Red,Green,Orange",Light Brown
#AC8256,"Blue,Brown,Red,Green,Orange",Light Brown
#AD8357,"Blue,Brown,Red,Green,Orange",Light Brown
#AD8357,"Blue,Brown,Red,Green,Orange",Light Brown
#AD8357,"Blue,Brown,Red,Green,Orange",Light Brown
#AE8458,"Blue,Brown,Red,Green,Orange",Light Brown
#AE8458,"Pink, Red, Orange, Yellow, Green",Light Brown
#AF8559,"Pink, Red, Orange, Yellow, Green",Light Brown
#AF8559,"Pink, Red, Orange, Yellow, Green",Light Brown
#AF8559,"Pink, Red, Orange, Yellow, Green",Light Brown
#B0865A,"Pink, Red, Orange, Yellow, Green",Light Brown
#B0865A,"Pink, Red, Orange, Yellow, Green",Light Brown
#B1875B,"Pink, Red, Orange, Yellow, Green",Light Brown
#B1875B,"Pink, Red, Orange, Yellow, Green",Light Brown
#B1875B,"Black, White, Blue, Green, Yellow",Light Brown
#B2885C,"Pink, Red, Orange, Yellow, Green",Light Brown
#B2885C,"Yellow, Orange, Blue, Purple, Pink",Light Brown
#B2885C,"Black, Green, Yellow, Red, Purple",Light Brown
#B3895D,"Yellow, Orange, Blue, Purple, Pink",Light Brown
#B3895D,"Yellow, Orange, Blue, Purple, Pink",Light Brown
#B48A5E,"Black, Green, Yellow, Red, Purple",Light Brown
#B48A5E,"Yellow, Orange, Blue, Purple, Pink",Light Brown
#B48A5E,"Yellow, Orange, Blue, Purple, Pink",Light Brown
#B58B5F,"Blue,Brown,Red,Green,Orange",Light Brown
#B58B5F,"Blue,Brown,Red,Green,Orange",Light Brown
#B58B5F,"Brown, Green, Yellow, White, Black",Light Brown
#B68C60,"Blue,Brown,Red,Green,Orange",Light Brown
#B68C60,"Blue,Brown,Red,Green,Orange",Light Brown
#B78D61,"Pink, Blue, Red, Orange, Grey",Light Brown
#B78D61,"Blue,Brown,Red,Green,Orange",Light Brown
#B78D61,"Blue,Brown,Red,Green,Orange",Light Brown
#B88E62,"Blue,Brown,Red,Green,Orange",Light Brown
#B88E62,"Blue,Brown,Red,Green,Orange",Light Brown
#B98F63,"Brown, Green, Yellow, White, Black",Light Brown
#B98F63,"Brown, Green, Yellow, White, Black",Light Brown
#B98F63,"Brown, Green, Yellow, White, Black",Light Brown
#BA9064,"Brown, Green, Yellow, White, Black",Light Brown
#BA9064,"Brown, Green, Yellow, White, Black",Light Brown
#BA9064,"Brown, Green, Yellow, White, Black",Light Brown
#BB9165,"Blue,Brown,Red,Green,Orange",Light Brown
#BB9165,"Blue,Brown,Red,Green,Orange",Light Brown
#BC9266,"Blue,Brown,Red,Green,Orange",Light Brown
#BC9266,"Blue,Brown,Red,Green,Orange",Light Brown
#BC9266,"Pink, Blue, Red, Orange, Grey",Light Brown
#BD9367,"Blue,Brown,Red,Green,Orange",Light Brown
#BD9367,"Blue,Brown,Red,Green,Orange",Light Brown
#BE9468,"Blue,Brown,Red,Green,Orange",Light Brown
#BE9468,"Pink, Blue, Red, Orange, Grey",Light Brown
#BE9468,"Blue,Brown,Red,Green,Orange",Light Brown
#BF9569,"Blue,Brown,Red,Green,Orange",Light Brown
#BF9569,"Yellow, Orange, Blue, Purple, Pink",Light Brown
#BF9569,"Yellow, Orange, Blue, Purple, Pink",Light Brown
#C0966A,"Yellow, Orange, Blue, Purple, Pink",Light Brown
#C0966A,"Black, White, Blue, Green, Yellow",Light Brown
#C1976B,"Yellow, Orange, Blue, Purple, Pink",Light Brown
#C1976B,"Black, White, Blue, Green, Yellow",Light Brown
#C1976B,"Yellow, Orange, Blue, Purple, Pink",Light Brown
#C2986C,"Yellow, Orange, Blue, Purple, Pink",Light Brown
#C2986C,"Black, White, Blue, Green, Yellow",Light Brown
#C2986C,"Yellow, Orange, Blue, Purple, Pink",Light Brown
#C3996D,"Pink, Red, Orange, Yellow, Green",Light Brown
#C3996D,"Brown, Orange, Pink, White, Purple",Light Brown
#C49A6E,"Black, White, Blue, Green, Yellow",Light Brown
#C49A6E,"Brown, Orange, Pink, White, Purple",Light Brown
#C49A6E,"Brown, Orange, Pink, White, Purple",Light Brown
#C59B6F,"Blue,Brown,Red,Green,Orange",Light Brown
#C59B6F,"Blue,Brown,Red,Green,Orange",Light Brown
#C69C70,"Grey, Blue, Black, Yellow, Green",Light Brown
#C69C70,"Grey, Blue, Black, Yellow, Green",Light Brown
#C69C70,"Grey, Blue, Black, Yellow, Green",Light Brown
#C79D71,"Grey, Blue, Black, Yellow, Green",Light Brown
#C79D71,"Grey, Blue, Black, Yellow, Green",Light Brown
#C79D71,"Grey, Blue, Black, Yellow, Green",Light Brown
#C89E72,"Grey, Blue, Black, Yellow, Green",Light Brown
#C89E72,"Grey, Blue, Black, Yellow, Green",Light Brown
#C99F73,"Grey, Blue, Black, Yellow, Green",Light Brown
#C99F73,"Grey, Blue, Black, Yellow, Green",Light Brown
#C99F73,"Grey, Blue, Black, Yellow, Green",Light Brown
#CAA074,"Grey, Blue, Black, Yellow, Green",Light Brown
#CAA074,"Grey, Blue, Black, Yellow, Green",Light Brown
#CAA074,"Grey, Blue, Black, Yellow, Green",Light Brown
#CBA175,"Grey, Blue, Black, Yellow, Green",Light Brown
#CBA175,"Grey, Blue, Black, Yellow, Green",Light Brown
#CCA276,"Blue,Brown,Red,Green,Orange",Light Brown
#CCA276,"Blue,Brown,Red,Green,Orange",Light Brown
#CCA276,"Blue,Brown,Red,Green,Orange",Light Brown
#CDA377,"Blue,Brown,Red,Green,Orange",Light Brown
#CDA377,"Blue,Brown,Red,Green,Orange",Light Brown
#CEA478,"Blue,Brown,Red,Green,Orange",Light Brown
#CEA478,"Brown, Green, Yellow, White, Black",Light Brown
#CEA478,"Brown, Green, Yellow, White, Black",Light Brown
#CFA579,"Brown, Green, Yellow, White, Black",Light Brown
#CFA579,"Brown, Green, Yellow, White, Black",Light Brown
#CFA579,"Brown, Green, Yellow, White, Black",Light Brown
#D0A67A,"Brown, Green, Yellow, White, Black",Light Brown
#D0A67A,"Brown, Green, Yellow, White, Black",Light Brown
#D1A77B,"Blue,Brown,Red,Green,Orange",Light Brown
#D1A77B,"Blue,Brown,Red,Green,Orange",Light Brown
#D1A77B,"Blue,Brown,Red,Green,Orange",Light Brown
#D2A87C,"Orange, Pink, Brown, Red, Grey",Light Brown
#D2A87C,"Orange, Pink, Brown, Red, Grey",Light Brown
#D3A97D,"Orange, Pink, Brown, Red, Grey",Light Brown
#D3A97D,"Pink, Blue, Red, Orange, Grey",Light Brown
#D3A97D,"Orange, Pink, Brown, Red, Grey",Light Brown
#D4AA7E,"Orange, Pink, Brown, Red, Grey",Light Brown
#D4AA7E,"Orange, Pink, Brown, Red, Grey",Light Brown
#D4AA7E,"Blue,Brown,Red,Green,Orange",Light Brown
#D5AB7F,"Blue,Brown,Red,Green,Orange",Light Brown
#D5AB7F,"Blue,Brown,Red,Green,Orange",Light Brown
#D6AC80,"Pink, Blue, Red, Orange, Grey",Light Brown
#D6AC80,"Blue,Brown,Red,Green,Orange",Light Brown
#D6AC80,"Blue,Brown,Red,Green,Orange",Light Brown
#D7AD81,"Blue,Brown,Red,Green,Orange",Light Brown
#D7AD81,"Orange, Pink, Brown, Red, Grey",Light Brown
#D7AD81,"Blue,Brown,Red,Green,Orange",Light Brown
#D8AE82,"Blue,Brown,Red,Green,Orange",Light Brown
#D8AE82,"Blue,Brown,Red,Green,Orange",Light Brown
#D9AF83,"Blue,Brown,Red,Green,Orange",Light Brown
#D9AF83,"Blue,Brown,Red,Green,Orange",Light Brown
#D9AF83,"Blue,Brown,Red,Green,Orange",Light Brown
#DAB084,"Blue,Brown,Red,Green,Orange",Light Brown
#DAB084,"Blue,Brown,Red,Green,Orange",Light Brown
#DBB185,"Blue,Brown,Red,Green,Orange",Light Brown
#DBB185,"Blue,Brown,Red,Green,Orange",Light Brown
#DBB185,"Orange, Pink, Brown, Red, Grey",Light Brown
#DCB286,"Orange, Pink, Brown, Red, Grey",Light Brown
#DCB286,"Orange, Pink, Brown, Red, Grey",Light Brown
#DCB286,"Orange, Pink, Brown, Red, Grey",Light Brown
#DDB387,"Orange, Pink, Brown, Red, Grey",Light Brown
#DDB387,"Pink, Blue, Red, Orange, Grey",Light Brown
#DEB488,"Orange, Pink, Brown, Red, Grey",Light Brown
#DEB488,"Orange, Pink, Brown, Red, Grey",Light Brown
#DEB488,"Pink, Blue, Red, Orange, Grey",Light Brown
#DFB589,"Orange, Pink, Brown, Red, Grey",Light Brown
#DFB589,"Orange, Pink, Brown, Red, Grey",Light Brown
#E0B68A,"Orange, Pink, Brown, Red, Grey",Light Brown
#4B3932,"Red,Orange,Purple,Green,Blue",Black Brown
#4B3932,"Red,Orange,Purple,Green,Blue",Black Brown
#4C3932,"Red,Orange,Purple,Green,Blue",Black Brown
#4C3A32,"Red,Orange,Purple,Green,Blue",Black Brown
#4D3A32,"Red,Orange,Purple,Green,Blue",Black Brown
#4E3A33,"Orange, Pink, Brown, Red, Grey",Black Brown
#4E3B33,"Orange, Pink, Brown, Red, Grey",Black Brown
#4F3B33,"Orange, Pink, Brown, Red, Grey",Black Brown
#4F3C33,"Orange, Pink, Brown, Red, Grey",Black Brown
#503C33,"Orange, Pink, Brown, Red, Grey",Black Brown
#513C34,"Orange, Pink, Brown, Red, Grey",Black Brown
#513D34,"Orange, Pink, Brown, Red, Grey",Black Brown
#523D34,"Orange, Pink, Brown, Red, Grey",Black Brown
#523D34,"Orange, Pink, Brown, Red, Grey",Black Brown
#533E34,"Orange, Pink, Brown, Red, Grey",Black Brown
#543E35,"Orange, Pink, Brown, Red, Grey",Black Brown
#543F35,"Orange, Pink, Brown, Red, Grey",Black Brown
#553F35,"Orange, Pink, Brown, Red, Grey",Black Brown
#563F35,"Orange, Pink, Brown, Red, Grey",Black Brown
#564036,"Orange, Pink, Brown, Red, Grey",Black Brown
#574036,"Orange, Pink, Brown, Red, Grey",Black Brown
#574036,"Orange, Pink, Brown, Red, Grey",Black Brown
#584136,"Orange, Pink, Brown, Red, Grey",Black Brown
#594136,"Red,Orange,Purple,Green,Blue",Black Brown
#594237,"Blue, Black , Red, Pink , White",Black Brown
#5A4237,"Blue, Black , Red, Pink , White",Black Brown
#5A4237,"Blue, Black , Red, Pink , White",Black Brown
#5B4337,"Blue, Black , Red, Pink , White",Black Brown
#5C4337,"Blue, Black , Red, Pink , White",Black Brown
#5C4338,"Blue, Black , Red, Pink , White",Black Brown
#5D4438,"Blue, Black , Red, Pink , White",Black Brown
#5E4438,"Blue, Black , Red, Pink , White",Black Brown
#5E4538,"Blue, Black , Red, Pink , White",Black Brown
#5F4538,"Blue, Black , Red, Pink , White",Black Brown
#5F4539,"Blue, Black , Red, Pink , White",Black Brown
#604639,"Red,Orange,Purple,Green,Blue",Black Brown
#614639,"Red,Orange,Purple,Green,Blue",Black Brown
#614639,"Red,Orange,Purple,Green,Blue",Black Brown
#62473A,"Red,Orange,Purple,Green,Blue",Black Brown
#62473A,"Red,Orange,Purple,Green,Blue",Black Brown
#63483A,"Blue, Green, Yellow, Pink , White , Grey",Black Brown
#64483A,"Blue, Green, Yellow, Pink , White , Grey",Black Brown
#64483A,"Blue, Green, Yellow, Pink , White , Grey",Black Brown
#65493B,"Blue, Green, Yellow, Pink , White , Grey",Black Brown
#65493B,"Blue, Green, Yellow, Pink , White , Grey",Black Brown
#66493B,"Blue, Green, Yellow, Pink , White , Grey",Black Brown
#674A3B,"Blue, Green, Yellow, Pink , White , Grey",Black Brown
#674A3B,"Blue, Green, Yellow, Pink , White , Grey",Black Brown
#684B3C,"Red,Orange,Purple,Green,Blue",Black Brown
#694B3C,"Red,Orange,Purple,Green,Blue",Black Brown
#694B3C,"Red,Orange,Purple,Green,Blue",Black Brown
#6A4C3C,"Red,Orange,Purple,Green,Blue",Black Brown
#6A4C3C,"Red,Orange,Purple,Green,Blue",Black Brown
#6B4C3D,"Blue, Green, Yellow, Pink , White , Grey",Black Brown
#6C4D3D,"Blue, Green, Yellow, Pink , White , Grey",Black Brown
#6C4D3D,"Blue, Green, Yellow, Pink , White , Grey",Black Brown
#6D4E3D,"Blue, Green, Yellow, Pink , White , Grey",Black Brown
#6D4E3E,"Blue, Green, Yellow, Pink , White , Grey",Black Brown
#6E4E3E,"Blue, Green, Yellow, Pink , White , Grey",Black Brown
#6F4F3E,"Blue, Green, Yellow, Pink , White , Grey",Black Brown
#6F4F3E,"Blue, Green, Yellow, Pink , White , Grey",Black Brown
#704F3E,"Blue, Green, Yellow, Pink , White , Grey",Black Brown
#71503F,"Blue, Green, Yellow, Pink , White , Grey",Black Brown
#71503F,"Red,Orange,Purple,Green,Blue",Black Brown
#72513F,"Red,Orange,Purple,Green,Blue",Black Brown
#72513F,"Red,Orange,Purple,Green,Blue",Black Brown
#73513F,"Red,Orange,Purple,Green,Blue",Black Brown
#745240,"Red,Orange,Purple,Green,Blue",Black Brown
#745240,"Red,Orange,Purple,Green,Blue",Black Brown
#755340,"Red,Orange,Purple,Green,Blue",Black Brown
#755340,"Red,Orange,Purple,Green,Blue",Black Brown
#765340,"Red,Orange,Purple,Green,Blue",Black Brown
#775441,"Pink, Blue, Red, Orange, Grey",Black Brown
#775441,"Pink, Blue, Red, Orange, Grey",Black Brown
#785441,"Pink, Blue, Red, Orange, Grey",Black Brown
#785541,"Pink, Blue, Red, Orange, Grey",Black Brown
#795542,"Pink, Blue, Red, Orange, Grey",Black Brown
#7A5642,"Pink, Blue, Red, Orange, Grey",Black Brown
#7A5642,"Pink, Blue, Red, Orange, Grey",Black Brown
#7B5642,"Pink, Blue, Red, Orange, Grey",Black Brown
#7C5742,"Pink, Blue, Red, Orange, Grey",Black Brown
#7C5743,"Pink, Blue, Red, Orange, Grey",Black Brown
#7D5743,"Pink, Blue, Red, Orange, Grey",Black Brown
#7D5843,"Pink, Blue, Red, Orange, Grey",Black Brown
#7E5843,"Pink, Blue, Red, Orange, Grey",Black Brown
#7F5943,"Pink, Blue, Red, Orange, Grey",Black Brown
#7F5944,"Red,Orange,Purple,Green,Blue",Black Brown
#805944,"Red,Orange,Purple,Green,Blue",Black Brown
#805A44,"Red,Orange,Purple,Green,Blue",Black Brown
#815A44,"Red,Orange,Purple,Green,Blue",Black Brown
#825A44,"Red,Orange,Purple,Green,Blue",Black Brown
#825B45,"Red,Orange,Purple,Green,Blue",Black Brown
#835B45,"Red,Orange,Purple,Green,Blue",Black Brown
#845C45,"Red,Orange,Purple,Green,Blue",Black Brown
#845C45,"Red,Orange,Purple,Green,Blue",Black Brown
#855C46,"Red,Orange,Purple,Green,Blue",Black Brown
#855D46,"Red,Orange,Purple,Green,Blue",Black Brown
#865D46,"Red,Orange,Purple,Green,Blue",Black Brown
#875D46,"Red,Orange,Purple,Green,Blue",Black Brown
#875E46,"Red,Orange,Purple,Green,Blue",Black Brown
#885E47,"Red,Orange,Purple,Green,Blue",Black Brown
#885F47,"Red,Orange,Purple,Green,Blue",Black Brown
#895F47,"Red,Orange,Purple,Green,Blue",Black Brown
#8A5F47,"Red,Orange,Purple,Green,Blue",Black Brown
#8A6047,"Red,Orange,Purple,Green,Blue",Black Brown
#8B6048,"Red,Orange,Purple,Green,Blue",Black Brown
#8B6048,"Red,Orange,Purple,Green,Blue",Black Brown
#8C6148,"Red,Orange,Purple,Green,Blue",Black Brown
#8D6148,"Red,Orange,Purple,Green,Blue",Black Brown
#8D6249,"Red,Orange,Purple,Green,Blue",Black Brown
#8E6249,"Red,Orange,Purple,Green,Blue",Black Brown
#8F6249,"Red,Orange,Purple,Green,Blue",Black Brown
#8F6349,"Red,Orange,Purple,Green,Blue",Black Brown
#906349,"Red,Orange,Purple,Green,Blue",Black Brown
#90634A,"Red,Orange,Purple,Green,Blue",Black Brown
#91644A,"Red,Orange,Purple,Green,Blue",Black Brown
#92644A,"Red,Orange,Purple,Green,Blue",Black Brown
#92654A,"Red,Orange,Purple,Green,Blue",Black Brown
#93654A,"Red,Orange,Purple,Green,Blue",Black Brown
#93654B,"Red,Orange,Purple,Green,Blue",Black Brown
#94664B,"Red,Orange,Purple,Green,Blue",Black Brown
#95664B,"Red,Orange,Purple,Green,Blue",Black Brown
#95664B,"Red,Orange,Purple,Green,Blue",Black Brown
#96674B,"Red,Orange,Purple,Green,Blue",Black Brown
#97674C,"Red,Orange,Purple,Green,Blue",Black Brown
#97684C,"Red,Orange,Purple,Green,Blue",Black Brown
#98684C,"Red,Orange,Purple,Green,Blue",Black Brown
#98684C,"Red,Orange,Purple,Green,Blue",Black Brown
#99694D,"Red,Orange,Purple,Green,Blue",Black Brown
#9A694D,"Red,Orange,Purple,Green,Blue",Black Brown
#9A694D,"Red,Orange,Purple,Green,Blue",Black Brown
#9B6A4D,"Red,Orange,Purple,Green,Blue",Black Brown
#9B6A4D,"Red,Orange,Purple,Green,Blue",Black Brown
#9C6B4E,"Red,Orange,Purple,Green,Blue",Black Brown
#9D6B4E,"Red,Orange,Purple,Green,Blue",Black Brown
#9D6B4E,"Red,Orange,Purple,Green,Blue",Black Brown
#9E6C4E,"Red,Orange,Purple,Green,Blue",Black Brown
#9E6C4E,"Red,Orange,Purple,Green,Blue",Black Brown
#9F6D4F,"Red,Orange,Purple,Green,Blue",Black Brown
#A06D4F,"Red,Orange,Purple,Green,Blue",Black Brown
#A06D4F,"Red,Orange,Purple,Green,Blue",Black Brown
#A16E4F,"Red,Orange,Purple,Green,Blue",Black Brown
#A26E4F,"Red,Orange,Purple,Green,Blue",Black Brown
#A26E50,"Red,Orange,Purple,Green,Blue",Black Brown
#A36F50,"Red,Orange,Purple,Green,Blue",Black Brown
#A36F50,"Red,Orange,Purple,Green,Blue",Black Brown
#A47050,"Red,Orange,Purple,Green,Blue",Black Brown
#A57051,"Red,Orange,Purple,Green,Blue",Black Brown
#A57051,"Red,Orange,Purple,Green,Blue",Black Brown
#A67151,"Red,Orange,Purple,Green,Blue",Black Brown
#A67151,"Blue, Black, Red, Pink, White",Black Brown
#A77151,"Blue, Black, Red, Pink, White",Black Brown
#A87252,"Blue, Black, Red, Pink, White",Black Brown
#A87252,"Blue, Black, Red, Pink, White",Black Brown
#A97352,"Blue, Black, Red, Pink, White",Black Brown
#AA7352,"Blue, Black, Red, Pink, White",Black Brown
#AA7352,"Blue, Black, Red, Pink, White",Black Brown
#AB7453,"Blue, Black, Red, Pink, White",Black Brown
#AB7453,"Blue, Black, Red, Pink, White",Black Brown
#AC7453,"Blue, Black, Red, Pink, White",Black Brown
#AD7553,"Blue, Black, Red, Pink, White",Black Brown
#AD7553,"Blue, Black, Red, Pink, White",Black Brown
#AE7654,"Blue, Black, Red, Pink, White",Black Brown
#AE7654,"Blue, Black, Red, Pink, White",Black Brown
#AF7654,"Red,Orange,Purple,Green,Blue",Black Brown
#B07754,"Red,Orange,Purple,Green,Blue",Black Brown
#B07755,"Red,Orange,Purple,Green,Blue",Black Brown
#B17755,"Red,Orange,Purple,Green,Blue",Black Brown
#B17855,"Red,Orange,Purple,Green,Blue",Black Brown
#B27855,"Red,Orange,Purple,Green,Blue",Black Brown
#B37955,"Red,Orange,Purple,Green,Blue",Black Brown
#B37956,"Red,Orange,Purple,Green,Blue",Black Brown
#B47956,"Red,Orange,Purple,Green,Blue",Black Brown
#B57A56,"Red,Orange,Purple,Green,Blue",Black Brown
#B57A56,"Red,Orange,Purple,Green,Blue",Black Brown
#B67A56,"Red,Orange,Purple,Green,Blue",Black Brown
#B67B57,"Red,Orange,Purple,Green,Blue",Black Brown
#B77B57,"Red,Orange,Purple,Green,Blue",Black Brown
#B87C57,"Red,Orange,Purple,Green,Blue",Black Brown
#B87C57,"Red,Orange,Purple,Green,Blue",Black Brown
#B97C57,"Red,Orange,Purple,Green,Blue",Black Brown
#B97D58,"Red,Orange,Purple,Green,Blue",Black Brown
#BA7D58,"Red,Orange,Purple,Green,Blue",Black Brown
#BB7D58,"Yellow, Orange, White, Blue, Black",Black Brown
#BB7E58,"Yellow, Orange, White, Blue, Black",Black Brown
#BC7E59,"Yellow, Orange, White, Blue, Black",Black Brown
#BD7F59,"Yellow, Orange, White, Blue, Black",Black Brown
#BD7F59,"Yellow, Orange, White, Blue, Black",Black Brown
#BE7F59,"Yellow, Orange, White, Blue, Black",Black Brown
#BE8059,"Yellow, Orange, White, Blue, Black",Black Brown
#BF805A,"Yellow, Orange, White, Blue, Black",Black Brown
#C0805A,"Yellow, Orange, White, Blue, Black",Black Brown
#C0815A,"Yellow, Orange, White, Blue, Black",Black Brown
#C1815A,"Yellow, Orange, White, Blue, Black",Black Brown
#C1825A,"Yellow, Orange, White, Blue, Black",Black Brown
#C2825B,"Red,Orange,Purple,Green,Blue",Black Brown
#C3825B,"Red,Orange,Purple,Green,Blue",Black Brown
#C3835B,"Red,Orange,Purple,Green,Blue",Black Brown
#C4835B,"Red,Orange,Purple,Green,Blue",Black Brown
#C5845C,"Red,Orange,Purple,Green,Blue",Black Brown
#FFE5C8,"Blue,Brown,Red,Green,Orange",Olive
#FEE4C7,"Blue,Brown,Red,Green,Orange",Olive
#FEE4C7,"Blue,Brown,Red,Green,Orange",Olive
#FEE4C7,"Blue, Black, Red, Pink, White",Olive
#FEE4C7,"Blue, Black, Red, Pink, White",Olive
#FEE3C6,"Grey, Blue, Black, Yellow, Green",Olive
#FEE3C6,"Blue, Black, Red, Pink, White",Olive
#FEE3C6,"Black, White, Blue, Green, Yellow",Olive
#FEE3C6,"Blue, Black, Red, Pink, White",Olive
#FEE2C6,"Black, White, Blue, Green, Yellow",Olive
#FEE2C5,"Blue,Brown,Red,Green,Orange",Olive
#FEE2C5,"Yellow, Orange, White, Blue, Black",Olive
#FEE2C5,"Yellow, Orange, White, Blue, Black",Olive
#FEE2C5,"Yellow, Orange, White, Blue, Black",Olive
#FDE1C5,"Grey, Blue, Black, Yellow, Green",Olive
#FDE1C4,"Yellow, Orange, White, Blue, Black",Olive
#FDE1C4,"Green, Yellow, Red, Black, Grey",Olive
#FDE1C4,"Green, Yellow, Red, Black, Grey",Olive
#FDE0C4,"Green, Yellow, Red, Black, Grey",Olive
#FDE0C4,"Green, Yellow, Red, Black, Grey",Olive
#FDE0C3,"Yellow, Orange, White, Blue, Black",Olive
#FDE0C3,"Black, White, Blue, Green, Yellow",Olive
#FDE0C3,"Green, Yellow, Red, Black, Grey",Olive
#FDDFC3,"Grey, Blue, Black, Yellow, Green",Olive
#FDDFC3,"Green, Yellow, Red, Black, Grey",Olive
#FDDFC2,"Green, Yellow, Red, Black, Grey",Olive
#FDDFC2,"Green, Yellow, Red, Black, Grey",Olive
#FCDEC2,"Green, Yellow, Red, Black, Grey",Olive
#FCDEC2,"Green, Yellow, Red, Black, Grey",Olive
#FCDEC2,"Green, Yellow, Red, Black, Grey",Olive
#FCDEC1,"Grey, Blue, Black, Yellow, Green",Olive
#FCDDC1,"Yellow, Orange, White, Blue, Black",Olive
#FCDDC1,"Yellow, Orange, White, Blue, Black",Olive
,,
#FCDDC1,"Blue,Brown,Red,Green,Orange",Olive
#FCDDC0,"Blue,Brown,Red,Green,Orange",Olive
#FCDCC0,"Blue,Brown,Red,Green,Orange",Olive
#FCDCC0,"Blue,Brown,Red,Green,Orange",Olive
#FCDCC0,"Grey, Blue, Black, Yellow, Green",Olive
#FCDCC0,"Black, White, Blue, Green, Yellow",Olive
#FBDBBF,"Blue,Brown,Red,Green,Orange",Olive
#FBDBBF,"Yellow, Orange, White, Blue, Black",Olive
#FBDBBF,"Yellow, Orange, White, Blue, Black",Olive
#FBDBBF,"Yellow, Orange, White, Blue, Black",Olive
#FBDBBF,"Black, White, Blue, Green, Yellow",Olive
#FBDABE,"Black, White, Blue, Green, Yellow",Olive
#FBDABE,"Black, White, Blue, Green, Yellow",Olive
#FBDABE,"Black, White, Blue, Green, Yellow",Olive
#FBDABE,"Grey, Blue, Black, Yellow, Green",Olive
#FBD9BE,"Black, White, Blue, Green, Yellow",Olive
,,
#FBD9BD,"Yellow, Orange, White, Blue, Black",Olive
#FBD9BD,"Yellow, Orange, White, Blue, Black",Olive
#FBD9BD,"Yellow, Orange, White, Blue, Black",Olive
#FAD8BD,"Blue, Black, Red, Pink, White",Olive
#FAD8BC,"Yellow, Orange, White, Blue, Black",Olive
#FAD8BC,"Yellow, Orange, White, Blue, Black",Olive
#FAD8BC,"Yellow, Orange, White, Blue, Black",Olive
#FAD7BC,"Blue,Brown,Red,Green,Orange",Olive
#FAD7BC,"Blue,Brown,Red,Green,Orange",Olive
#FAD7BB,"Blue,Brown,Red,Green,Orange",Olive
#FAD7BB,"Blue,Brown,Red,Green,Orange",Olive
#FAD6BB,"Blue,Brown,Red,Green,Orange",Olive
#FAD6BB,"Blue,Brown,Red,Green,Orange",Olive
#FAD6BB,"Blue,Brown,Red,Green,Orange",Olive
#FAD6BA,"Blue,Brown,Red,Green,Orange",Olive
#FAD6BA,"Blue,Brown,Red,Green,Orange",Olive
#F9D5BA,"Yellow, Orange, White, Blue, Black",Olive
#F9D5BA,"Yellow, Orange, White, Blue, Black",Olive
#F9D5BA,"Yellow, Orange, White, Blue, Black",Olive
#F9D5B9,"Yellow, Orange, White, Blue, Black",Olive
#F9D4B9,"Yellow, Orange, White, Blue, Black",Olive
#F9D4B9,"Yellow, Orange, White, Blue, Black",Olive
#F9D4B9,"Yellow, Orange, White, Blue, Black",Olive
#F9D4B9,"Blue, Black, Red, Pink, White",Olive
#F9D4B8,"Yellow, Orange, White, Blue, Black",Olive
#F9D3B8,"Blue,Brown,Red,Green,Orange",Olive
#F9D3B8,"Blue,Brown,Red,Green,Orange",Olive
#F9D3B8,"Blue,Brown,Red,Green,Orange",Olive
#F9D3B8,"Blue,Brown,Red,Green,Orange",Olive
#F8D2B7,"Blue,Brown,Red,Green,Orange",Olive
#F8D2B7,"Blue,Brown,Red,Green,Orange",Olive
#F8D2B7,"Blue,Brown,Red,Green,Orange",Olive
#F8D2B7,"Blue,Brown,Red,Green,Orange",Olive
#F8D2B7,"Blue,Brown,Red,Green,Orange",Olive
#F8D1B6,"Blue,Brown,Red,Green,Orange",Olive
#F8D1B6,"Blue,Brown,Red,Green,Orange",Olive
#F8D1B6,"Blue, Black, Red, Pink, White",Olive
#F8D1B6,"Red, Yellow, Blue, Black, Brown",Olive
#F8D0B6,"Red, Yellow, Blue, Black, Brown",Olive
#F8D0B5,"Red, Yellow, Blue, Black, Brown",Olive
#F8D0B5,"Blue, Black, Red, Pink, White",Olive
#F8D0B5,"Red, Yellow, Blue, Black, Brown",Olive
#F7CFB5,"Red, Yellow, Blue, Black, Brown",Olive
#F7CFB5,"Red, Yellow, Blue, Black, Brown",Olive
#F7CFB4,"Red, Yellow, Blue, Black, Brown",Olive
#F7CFB4,"Red, Yellow, Blue, Black, Brown",Olive
#F7CFB4,"Red, Yellow, Blue, Black, Brown",Olive
#F7CEB4,"Blue,Brown,Red,Green,Orange",Olive
#F7CEB4,"Blue,Brown,Red,Green,Orange",Olive
#F7CEB3,"Blue,Brown,Red,Green,Orange",Olive
#F7CEB3,"Blue,Brown,Red,Green,Orange",Olive
#F7CDB3,"Red, Yellow, Blue, Black, Brown",Olive
#F7CDB3,"Red, Yellow, Blue, Black, Brown",Olive
#F7CDB3,"Red, Yellow, Blue, Black, Brown",Olive
#F7CDB2,"Red, Yellow, Blue, Black, Brown",Olive
#F7CDB2,"Red, Yellow, Blue, Black, Brown",Olive
#F6CCB2,"Red, Yellow, Blue, Black, Brown",Olive
#F6CCB2,"Red, Yellow, Blue, Black, Brown",Olive
#F6CCB2,"Blue,Brown,Red,Green,Orange",Olive
#F6CCB1,"Blue,Brown,Red,Green,Orange",Olive
#F6CBB1,"Blue,Brown,Red,Green,Orange",Olive
#F6CBB1,"Blue,Brown,Red,Green,Orange",Olive
#F6CBB1,"Blue,Brown,Red,Green,Orange",Olive
#F6CBB1,"Blue, Black, Red, Pink, White",Olive
#F6CAB0,"Blue, Black, Red, Pink, White",Olive
#F6CAB0,"Blue, Black, Red, Pink, White",Olive
#F6CAB0,"Blue, Black, Red, Pink, White",Olive
#F6CAB0,"Blue, Black, Red, Pink, White",Olive
#F6CAB0,"Blue,Brown,Red,Green,Orange",Olive
#F5C9AF,"Blue,Brown,Red,Green,Orange",Olive
#F5C9AF,"Blue,Brown,Red,Green,Orange",Olive
#F5C9AF,"Blue,Brown,Red,Green,Orange",Olive
#F5C9AF,"Blue,Brown,Red,Green,Orange",Olive
#F5C8AF,"Red, Yellow, Blue, Black, Brown",Olive
#F5C8AE,"Red, Yellow, Blue, Black, Brown",Olive
#F5C8AE,"Red, Yellow, Blue, Black, Brown",Olive
#F5C8AE,"Red, Yellow, Blue, Black, Brown",Olive
#F5C8AE,"Blue, Black, Red, Pink, White",Olive
#F5C7AE,"Red, Yellow, Blue, Black, Brown",Olive
,,
,,
,,
,,
,,
,,
,,
,,
,,
#F4C5AC,"Red, Yellow, Blue, Black, Brown",Olive
#F4C5AB,"Red, Yellow, Blue, Black, Brown",Olive
#F4C5AB,"Blue,Brown,Red,Green,Orange",Olive
#F4C4AB,"Blue,Brown,Red,Green,Orange",Olive
#F4C4AB,"Blue,Brown,Red,Green,Orange",Olive
#F4C4AB,"Blue,Brown,Red,Green,Orange",Olive
#F4C4AA,"Blue,Brown,Red,Green,Orange",Olive
#F3C3AA,"Blue,Brown,Red,Green,Orange",Olive
#F3C3AA,"Blue,Brown,Red,Green,Orange",Olive
#F3C3AA,"Blue,Brown,Red,Green,Orange",Olive
#F3C3AA,"Blue,Brown,Red,Green,Orange",Olive
#F3C3A9,"Blue,Brown,Red,Green,Orange",Olive
#F3C2A9,"Blue,Brown,Red,Green,Orange",Olive
#F3C2A9,"Blue,Brown,Red,Green,Orange",Olive
#F3C2A9,"Blue,Brown,Red,Green,Orange",Olive
#F3C2A9,"Blue,Brown,Red,Green,Orange",Olive
#F3C1A8,"Blue,Brown,Red,Green,Orange",Olive
#F3C1A8,"Grey, Blue, Black, Yellow, Green",Olive
#F3C1A8,"Black, Green, Yellow, Red, Purple",Olive
#F3C1A8,"Black, Green, Yellow, Red, Purple",Olive
#F3C1A8,"Black, Green, Yellow, Red, Purple",Olive
#F2C0A7,"Black, Green, Yellow, Red, Purple",Olive
#F2C0A7,"Yellow, Orange, White, Blue, Black",Olive
#F2C0A7,"Black, Green, Yellow, Red, Purple",Olive
#F2C0A7,"Blue,Brown,Red,Green,Orange",Olive
#F2BFA7,"Blue,Brown,Red,Green,Orange",Olive
#F2BFA6,"Blue,Brown,Red,Green,Orange",Olive
#F2BFA6,"Blue,Brown,Red,Green,Orange",Olive
#F2BFA6,"Blue, Black, Red, Pink, White",Olive
#F2BFA6,"Blue, Green, Yellow, Orange, Black",Olive
#F2BEA6,"Red, Purple, White, Pink, Grey",Olive
#F2BEA5,"Black, White, Blue, Green, Yellow",Olive
#F2BEA5,"Red, Purple, White, Pink, Grey",Olive
#F2BEA5,"Black, Grey, Blue, Green, Yellow",Olive
#F1BDA5,"Black, Green, Yellow, Red, Purple",Olive
#F1BDA5,"Black, Green, Yellow, Red, Purple",Olive
#F1BDA4,"Black, Green, Yellow, Red, Purple",Olive
#F1BDA4,"Black, Green, Yellow, Red, Purple",Olive
#F1BCA4,"Purple, Pink, Red, Grey, Green",Olive
#F1BCA4,"Black, White, Blue, Green, Yellow",Olive
#F1BCA4,"Grey, Blue, Black, Yellow, Green",Olive
#F1BCA3,"Purple, Pink, Red, Grey, Green",Olive
#F1BCA3,"Red, Purple, White, Pink, Grey",Olive
#F1BBA3,"Black, Grey, Blue, Green, Yellow",Olive
#F1BBA3,"Red, Purple, White, Pink, Grey",Olive
#F1BBA3,"Red, Purple, White, Pink, Grey",Olive
#F1BBA2,"Black, White, Blue, Green, Yellow",Olive
#F0BAA2,"Blue,Brown,Red,Green,Orange",Olive
#F0BAA2,"Blue,Brown,Red,Green,Orange",Olive
#F0BAA2,"Blue,Brown,Red,Green,Orange",Olive
#F0BAA2,"Black, White, Blue, Green, Yellow",Olive
#F0BAA1,"Purple, Pink, Red, Grey, Green",Olive
#F0B9A1,"Grey, Blue, Black, Yellow, Green",Olive
#F0B9A1,"Black, White, Blue, Green, Yellow",Olive
#F0B9A1,"Red, Yellow, Blue, Black, Brown",Olive
#F0B9A1,"Red, Yellow, Blue, Black, Brown",Olive
#F0B8A0,"Red, Yellow, Blue, Black, Brown",Olive
#F0B8A0,"Red, Yellow, Blue, Black, Brown",Olive
#F0B8A0,"Red, Yellow, Blue, Black, Brown",Olive
#F0B8A0,"Blue,Brown,Red,Green,Orange",Olive
#F0B8A0,"Blue,Brown,Red,Green,Orange",Olive
#967264,"Black, Green, Yellow, Red, Purple",Brown
#957163,"Black, Green, Yellow, Red, Purple",Brown
#957163,"Black, Green, Yellow, Red, Purple",Brown
#957163,"Red,Orange,Purple,Green,Blue",Brown
#957163,"Red,Orange,Purple,Green,Blue",Brown
#947163,"Red,Orange,Purple,Green,Blue",Brown
#947063,"Red,Orange,Purple,Green,Blue",Brown
#947062,"Red,Orange,Purple,Green,Blue",Brown
#947062,"Red,Orange,Purple,Green,Blue",Brown
#937062,"Red,Orange,Purple,Green,Blue",Brown
#937062,"Red,Orange,Purple,Green,Blue",Brown
#937062,"Black, Green, Yellow, Red, Purple",Brown
#936F62,"Black, Green, Yellow, Red, Purple",Brown
#926F61,"Black, Green, Yellow, Red, Purple",Brown
#926F61,"Black, Green, Yellow, Red, Purple",Brown
#926F61,"Black, Green, Yellow, Red, Purple",Brown
#926F61,"Black, Green, Yellow, Red, Purple",Brown
#916E61,"Black, Green, Yellow, Red, Purple",Brown
#916E61,"Black, Green, Yellow, Red, Purple",Brown
#916E60,"Red,Orange,Purple,Green,Blue",Brown
#916E60,"Red,Orange,Purple,Green,Blue",Brown
#906E60,"Red,Orange,Purple,Green,Blue",Brown
#906E60,"Red,Orange,Purple,Green,Blue",Brown
#906D60,"Red, Orange, Purple, Green, Blue",Brown
#906D60,"Red, Orange, Purple, Green, Blue",Brown
#8F6D5F,"Red, Orange, Purple, Green, Blue",Brown
#8F6D5F,"Red, Orange, Purple, Green, Blue",Brown
#8F6D5F,"Red, Orange, Purple, Green, Blue",Brown
#8F6C5F,"Red, Orange, Purple, Green, Blue",Brown
#8F6C5F,"Red, Orange, Purple, Green, Blue",Brown
#8E6C5F,"Red, Orange, Purple, Green, Blue",Brown
#8E6C5F,"Red, Orange, Purple, Green, Blue",Brown
#8E6C5E,"Red, Orange, Purple, Green, Blue",Brown
#8E6C5E,"Red,Orange,Purple,Green,Blue",Black Brown
#8D6B5E,"Red,Orange,Purple,Green,Blue",Black Brown
#8D6B5E,"Red,Orange,Purple,Green,Blue",Black Brown
#8D6B5E,"Red,Orange,Purple,Green,Blue",Black Brown
#8D6B5E,"Red,Orange,Purple,Green,Blue",Black Brown
#8C6B5D,"Red,Orange,Purple,Green,Blue",Black Brown
#8C6A5D,"Red,Orange,Purple,Green,Blue",Black Brown
#8C6A5D,"Red,Orange,Purple,Green,Blue",Black Brown
#8C6A5D,"Red,Orange,Purple,Green,Blue",Black Brown
#8B6A5D,"Red,Orange,Purple,Green,Blue",Black Brown
#8B6A5D,"Red,Orange,Purple,Green,Blue",Black Brown
#8B6A5C,"Red,Orange,Purple,Green,Blue",Black Brown
#8B695C,"Red,Orange,Purple,Green,Blue",Black Brown
#8A695C,"Red,Orange,Purple,Green,Blue",Black Brown
#8A695C,"Red,Orange,Purple,Green,Blue",Black Brown
#8A695C,"Red,Orange,Purple,Green,Blue",Black Brown
#8A695C,"Orange, White, Green, Pink, Grey",Black Brown
#89685B,"Orange, White, Green, Pink, Grey",Black Brown
#89685B,"Orange, White, Green, Pink, Grey",Black Brown
#89685B,"Orange, White, Green, Pink, Grey",Black Brown
#89685B,"Orange, White, Green, Pink, Grey",Black Brown
#88685B,"Orange, White, Green, Pink, Grey",Black Brown
#88685B,"Orange, White, Green, Pink, Grey",Black Brown
#88675B,"Orange, White, Green, Pink, Grey",Black Brown
#88675A,"Orange, White, Green, Pink, Grey",Black Brown
#88675A,"Orange, White, Green, Pink, Grey",Black Brown
#87675A,"Orange, White, Green, Pink, Grey",Black Brown
#87675A,"Red,Orange,Purple,Green,Blue",Black Brown
#87665A,"Red,Orange,Purple,Green,Blue",Black Brown
#87665A,"Red,Orange,Purple,Green,Blue",Black Brown
#866659,"Red,Orange,Purple,Green,Blue",Black Brown
#866659,"Red,Orange,Purple,Green,Blue",Black Brown
#866659,"Red,Orange,Purple,Green,Blue",Black Brown
#866659,"Red,Orange,Purple,Green,Blue",Black Brown
#856559,"Red,Orange,Purple,Green,Blue",Black Brown
#856559,"Red,Orange,Purple,Green,Blue",Black Brown
#856558,"Red,Orange,Purple,Green,Blue",Black Brown
#856558,"Red,Orange,Purple,Green,Blue",Black Brown
#846558,"Red,Orange,Purple,Green,Blue",Black Brown
#846458,"Red,Orange,Purple,Green,Blue",Black Brown
#846458,"Red,Orange,Purple,Green,Blue",Black Brown
#846458,"Red,Orange,Purple,Green,Blue",Black Brown
#836457,"Red,Orange,Purple,Green,Blue",Black Brown
#836457,"Red,Orange,Purple,Green,Blue",Black Brown
#836457,"Red,Orange,Purple,Green,Blue",Black Brown
#836357,"Red,Orange,Purple,Green,Blue",Black Brown
#826357,"Red,Orange,Purple,Green,Blue",Black Brown
#826357,"Red,Orange,Purple,Green,Blue",Black Brown
#826356,"Red,Orange,Purple,Green,Blue",Black Brown
#826356,"Red,Orange,Purple,Green,Blue",Black Brown
#826356,"Red,Orange,Purple,Green,Blue",Black Brown
#816256,"Red,Orange,Purple,Green,Blue",Black Brown
#816256,"Red,Orange,Purple,Green,Blue",Black Brown
#816256,"Red,Orange,Purple,Green,Blue",Black Brown
#816256,"Red,Orange,Purple,Green,Blue",Black Brown
#806255,"Red,Orange,Purple,Green,Blue",Black Brown
#806155,"Red,Orange,Purple,Green,Blue",Black Brown
#806155,"Red,Orange,Purple,Green,Blue",Black Brown
#806155,"Brown, Orange, Pink, White, Purple",Black Brown
#7F6155,"Brown, Orange, Pink, White, Purple",Black Brown
#7F6155,"Brown, Orange, Pink, White, Purple",Black Brown
,,
#7F6054,"Pink, Red, Orange, Yellow, Green",Black Brown
#7E6054,"Pink, Red, Orange, Yellow, Green",Black Brown
#7E6054,"Pink, Red, Orange, Yellow, Green",Black Brown
#7E6054,"Red,Orange,Purple,Green,Blue",Black Brown
#7E6054,"Red,Orange,Purple,Green,Blue",Black Brown
#7D5F53,"Red,Orange,Purple,Green,Blue",Black Brown
#7D5F53,"Red,Orange,Purple,Green,Blue",Black Brown
#7D5F53,"Red,Orange,Purple,Green,Blue",Black Brown
#7D5F53,"Red,Orange,Purple,Green,Blue",Black Brown
#7C5F53,"Red,Orange,Purple,Green,Blue",Black Brown
#7C5F53,"Red,Orange,Purple,Green,Blue",Black Brown
#7C5E52,"Red,Orange,Purple,Green,Blue",Black Brown
#7C5E52,"Red,Orange,Purple,Green,Blue",Black Brown
#7B5E52,"Red,Orange,Purple,Green,Blue",Black Brown
#7B5E52,"Red,Orange,Purple,Green,Blue",Black Brown
#7B5E52,"Brown, Orange, Pink , White , Purple",Black Brown
#7B5D52,"Brown, Orange, Pink , White , Purple",Black Brown
#7B5D52,"Brown, Orange, Pink , White , Purple",Black Brown
#7A5D51,"Brown, Orange, Pink , White , Purple",Black Brown
#7A5D51,"Brown, Orange, Pink , White , Purple",Black Brown
#7A5D51,"Brown, Orange, Pink , White , Purple",Black Brown
#7A5D51,"Brown, Orange, Pink , White , Purple",Black Brown
#795C51,"Brown, Orange, Pink , White , Purple",Black Brown
#795C51,"Brown, Orange, Pink , White , Purple",Black Brown
#795C50,"Brown, Orange, Pink , White , Purple",Black Brown
#795C50,"Brown, Orange, Pink , White , Purple",Black Brown
#785C50,"Red,Orange,Purple,Green,Blue",Black Brown
#785B50,"Red,Orange,Purple,Green,Blue",Black Brown
#785B50,"Red,Orange,Purple,Green,Blue",Black Brown
#785B50,"Red,Orange,Purple,Green,Blue",Black Brown
#775B4F,"Red,Orange,Purple,Green,Blue",Black Brown
#775B4F,"Red,Orange,Purple,Green,Blue",Black Brown
#775B4F,"Red,Orange,Purple,Green,Blue",Black Brown
#775A4F,"Red,Orange,Purple,Green,Blue",Black Brown
#765A4F,"Red,Orange,Purple,Green,Blue",Black Brown
#765A4F,"Red,Orange,Purple,Green,Blue",Black Brown
#765A4E,"Red,Orange,Purple,Green,Blue",Black Brown
#765A4E,"Red,Orange,Purple,Green,Blue",Black Brown
#75594E,"Brown, Orange, Pink , White , Purple",Black Brown
#75594E,"Brown, Orange, Pink , White , Purple",Black Brown
#75594E,"Brown, Orange, Pink , White , Purple",Black Brown
#75594E,"Brown, Orange, Pink , White , Purple",Black Brown
#74594D,"Brown, Orange, Pink , White , Purple",Black Brown
#74594D,"Brown, Orange, Pink , White , Purple",Black Brown
#74584D,"Brown, Orange, Pink , White , Purple",Black Brown
#74584D,"Brown, Orange, Pink , White , Purple",Black Brown
#74584D,"Brown, Orange, Pink , White , Purple",Black Brown
#73584D,"Brown, Orange, Pink , White , Purple",Black Brown
#73584D,"Brown, Orange, Pink , White , Purple",Black Brown
#73574C,"Brown, Orange, Pink , White , Purple",Black Brown
#73574C,"Brown, Orange, Pink , White , Purple",Black Brown
#72574C,"Red,Orange,Purple,Green,Blue",Black Brown
#72574C,"Red,Orange,Purple,Green,Blue",Black Brown
#72574C,"Pink, Red, Orange, Yellow, Green",Black Brown
#72574C,"Pink, Red, Orange, Yellow, Green",Black Brown
#71564B,"Pink, Red, Orange, Yellow, Green",Black Brown
#71564B,"Pink, Red, Orange, Yellow, Green",Black Brown
#71564B,"Pink, Red, Orange, Yellow, Green",Black Brown
#71564B,"Pink, Red, Orange, Yellow, Green",Black Brown
#70564B,"Red,Orange,Purple,Green,Blue",Black Brown
#70554B,"Red,Orange,Purple,Green,Blue",Black Brown
#70554A,"Red,Orange,Purple,Green,Blue",Black Brown
#70554A,"Red,Orange,Purple,Green,Blue",Black Brown
#6F554A,"Red,Orange,Purple,Green,Blue",Black Brown
#6F554A,"Brown, Orange, Pink , White , Purple",Black Brown
#6F554A,"Brown, Orange, Pink , White , Purple",Black Brown
#6F544A,"Brown, Orange, Pink , White , Purple",Black Brown
#6E5449,"Brown, Orange, Pink , White , Purple",Black Brown
#6E5449,"Brown, Orange, Pink , White , Purple",Black Brown
#6E5449,"Brown, Orange, Pink , White , Purple",Black Brown
#6E5449,"Brown, Orange, Pink , White , Purple",Black Brown
#6E5449,"Brown, Orange, Pink , White , Purple",Black Brown
#6D5349,"Brown, Orange, Pink , White , Purple",Black Brown
#6D5349,"Brown, Orange, Pink , White , Purple",Black Brown
#6D5348,"Brown, Orange, Pink , White , Purple",Black Brown
#6D5348,"Brown, Orange, Pink , White , Purple",Black Brown
#6C5348,"Brown, Orange, Pink , White , Purple",Black Brown
#6C5248,"Brown, Orange, Pink , White , Purple",Black Brown
#6C5248,"Brown, Orange, Pink , White , Purple",Black Brown
#6C5248,"Brown, Orange, Pink , White , Purple",Black Brown
#6B5247,"Brown, Orange, Pink , White , Purple",Black Brown
#6B5247,"Brown, Orange, Pink , White , Purple",Black Brown
#6B5247,"Brown, Orange, Pink , White , Purple",Black Brown
#6B5147,"Red,Orange,Purple,Green,Blue",Black Brown
#6A5147,"Red,Orange,Purple,Green,Blue",Black Brown
#6A5147,"Red,Orange,Purple,Green,Blue",Black Brown
#6A5146,"Red,Orange,Purple,Green,Blue",Black Brown
#6A5146,"Red,Orange,Purple,Green,Blue",Black Brown
#695046,"Red,Orange,Purple,Green,Blue",Black Brown
#695046,"Red,Orange,Purple,Green,Blue",Black Brown
#695046,"Red,Orange,Purple,Green,Blue",Black Brown
#695046,"Red,Orange,Purple,Green,Blue",Black Brown
#685045,"Red,Orange,Purple,Green,Blue",Black Brown
#685045,"Red,Orange,Purple,Green,Blue",Black Brown
#684F45,"Pink, Red, Orange, Yellow, Green",Black Brown
#684F45,"Brown, Orange, Pink, White, Purple",Black Brown
#674F45,"Brown, Orange, Pink, White, Purple",Black Brown
#674F45,"Red,Orange,Purple,Green,Blue",Black Brown
#674F44,"Red,Orange,Purple,Green,Blue",Black Brown
#674E44,"Purple, Pink, Red, Grey, Green",Black Brown
#674E44,"Purple, Pink, Red, Grey, Green",Black Brown
#664E44,"Purple, Pink, Red, Grey, Green",Black Brown
#664E44,"Purple, Pink, Red, Grey, Green",Black Brown
#664E44,"Purple, Pink, Red, Grey, Green",Black Brown
#664E44,"Purple, Pink, Red, Grey, Green",Black Brown
#654D43,"Purple, Pink, Red, Grey, Green",Black Brown
#654D43,"Purple, Pink, Red, Grey, Green",Black Brown
#654D43,"Purple, Pink, Red, Grey, Green",Black Brown
#654D43,"Purple, Pink, Red, Grey, Green",Black Brown
#644D43,"Red,Orange,Purple,Green,Blue",Black Brown
#644C43,"Red,Orange,Purple,Green,Blue",Black Brown
#644C42,"Red,Orange,Purple,Green,Blue",Black Brown
#644C42,"Red,Orange,Purple,Green,Blue",Black Brown
#634C42,"Red,Orange,Purple,Green,Blue",Black Brown
#634C42,"Red,Orange,Purple,Green,Blue",Black Brown
#634C42,"Red,Orange,Purple,Green,Blue",Black Brown
#634B42,"Red,Orange,Purple,Green,Blue",Black Brown
#624B41,"Red,Orange,Purple,Green,Blue",Black Brown
#624B41,"Red,Orange,Purple,Green,Blue",Black Brown
#624B41,"Red,Orange,Purple,Green,Blue",Black Brown
#624B41,"Red,Orange,Purple,Green,Blue",Black Brown
#614A41,"Red,Orange,Purple,Green,Blue",Black Brown
#614A41,"Red,Orange,Purple,Green,Blue",Black Brown
#614A40,"Red,Orange,Purple,Green,Blue",Black Brown
#614A40,"Red,Orange,Purple,Green,Blue",Black Brown
#604A40,"Red,Orange,Purple,Green,Blue",Black Brown
#604A40,"Red,Orange,Purple,Green,Blue",Black Brown
#604940,"Red,Orange,Purple,Green,Blue",Black Brown
#604940,"Red,Orange,Purple,Green,Blue",Black Brown
#604940,"Red,Orange,Purple,Green,Blue",Black Brown
#5F493F,"Red,Orange,Purple,Green,Blue",Black Brown
#5F493F,"Red,Orange,Purple,Green,Blue",Black Brown
#5F483F,"Blue, Green, Yellow, Pink , White , Grey",Black Brown
#5F483F,"Blue, Green, Yellow, Pink , White , Grey",Black Brown
#5E483F,"Blue, Green, Yellow, Pink , White , Grey",Black Brown
#5E483F,"Blue, Green, Yellow, Pink , White , Grey",Black Brown
#5E483E,"Blue, Green, Yellow, Pink , White , Grey",Black Brown
#5E483E,"Blue, Green, Yellow, Pink , White , Grey",Black Brown
#5D473E,"Blue, Green, Yellow, Pink , White , Grey",Black Brown
#5D473E,"Blue, Green, Yellow, Pink , White , Grey",Black Brown
#5D473E,"Blue, Green, Yellow, Pink , White , Grey",Black Brown
#5D473E,"Blue, Green, Yellow, Pink , White , Grey",Black Brown
#5C473D,"Blue, Green, Yellow, Pink , White , Grey",Black Brown
#5C463D,"Blue, Green, Yellow, Pink , White , Grey",Black Brown
#5C463D,"Blue, Green, Yellow, Pink , White , Grey",Black Brown
#5C463D,"Blue, Green, Yellow, Pink , White , Grey",Black Brown
#5B463D,"Blue, Green, Yellow, Pink , White , Grey",Black Brown
#5B463D,"Blue, Green, Yellow, Pink , White , Grey",Black Brown
#5B463C,"Blue, Green, Yellow, Pink , White , Grey",Black Brown
#5B453C,"Blue, Green, Yellow, Pink , White , Grey",Black Brown
#5A453C,"Blue, Green, Yellow, Pink , White , Grey",Black Brown
#5A453C,"Blue, Green, Yellow, Pink , White , Grey",Black Brown
#5A453C,"Red,Orange,Purple,Green,Blue",Black Brown
#5A453C,"Red,Orange,Purple,Green,Blue",Black Brown
#5A453C,"Red,Orange,Purple,Green,Blue",Black Brown
